Time,NetEnergy,DiffEnergy
1.7856e-05,0.0662636,0.0662636
0.00025,0.166434,0.10017
0.000267856,0.232697,0.0662636
0.0005,0.332868,0.10017
0.000517856,0.399131,0.0662636
0.00075,0.499301,0.10017
0.000767856,0.565565,0.0662636
0.001,0.665735,0.10017
0.00101786,0.731999,0.0662636
0.00125,0.832169,0.10017
0.00126786,0.898432,0.0662636
0.0015,0.998603,0.10017
0.00151786,1.06487,0.0662636
0.00175,1.16504,0.10017
0.00176786,1.2313,0.0662636
0.002,1.33147,0.10017
0.00201786,1.39773,0.0662636
0.00225,1.4979,0.10017
0.00226786,1.56417,0.0662636
0.0025,1.66434,0.10017
0.00251786,1.7306,0.0662636
0.00275,1.83077,0.10017
0.00276786,1.89703,0.0662636
0.003,1.99721,0.10017
0.00301786,2.06347,0.0662636
0.00325,2.16364,0.10017
0.00326786,2.2299,0.0662636
0.0035,2.33007,0.10017
0.00351786,2.39634,0.0662636
0.00375,2.49651,0.10017
0.00376786,2.56277,0.0662636
0.004,2.66294,0.10017
0.00401786,2.7292,0.0662636
0.00425,2.82937,0.10017
0.00426786,2.89564,0.0662636
0.0045,2.99581,0.10017
0.00451786,3.06207,0.0662636
0.00475,3.16224,0.10017
0.00476786,3.2285,0.0662636
0.005,3.32868,0.10017
0.00501786,3.39494,0.0662636
0.00525,3.49511,0.10017
0.00526786,3.56137,0.0662636
0.0055,3.66154,0.10017
0.00551786,3.72781,0.0662636
0.00575,3.82798,0.10017
0.00576786,3.89424,0.0662636
0.006,3.99441,0.10017
0.00601786,4.06067,0.0662636
0.00625,4.16084,0.10017
0.00626786,4.22711,0.0662636
0.0065,4.32728,0.10017
0.00651786,4.39354,0.0662636
0.00675,4.49371,0.10017
0.00676786,4.55997,0.0662636
0.007,4.66015,0.10017
0.00701786,4.72641,0.0662636
0.00725,4.82658,0.10017
0.00726786,4.89284,0.0662636
0.0075,4.99301,0.10017
0.00751786,5.05928,0.0662636
0.00775,5.15945,0.10017
0.00776786,5.22571,0.0662636
0.008,5.32588,0.10017
0.00801786,5.39214,0.0662636
0.00825,5.49231,0.10017
0.00826786,5.55858,0.0662636
0.0085,5.65875,0.10017
0.00851786,5.72501,0.0662636
0.00875,5.82518,0.10017
0.00876786,5.89144,0.0662636
0.009,5.99162,0.10017
0.00901786,6.05788,0.0662636
0.00925,6.15805,0.10017
0.00926786,6.22431,0.0662636
0.0095,6.32448,0.10017
0.00951786,6.39075,0.0662636
0.00975,6.49092,0.10017
0.00976786,6.55718,0.0662636
0.01,6.65735,0.10017
0.0100179,6.72361,0.0662636
0.01025,6.82378,0.10017
0.0102679,6.89005,0.0662636
0.0105,6.99022,0.10017
0.0105179,7.05648,0.0662636
0.01075,7.15665,0.10017
0.0107679,7.22291,0.0662636
0.011,7.32309,0.10017
0.0110179,7.38935,0.0662636
0.01125,7.48952,0.10017
0.0112679,7.55578,0.0662636
0.0115,7.65595,0.10017
0.0115179,7.72222,0.0662636
0.01175,7.82239,0.10017
0.0117679,7.88865,0.0662636
0.012,7.98882,0.10017
0.0120179,8.05508,0.0662636
0.01225,8.15525,0.10017
0.0122679,8.22152,0.0662636
0.0125,8.32169,0.10017
0.0125179,8.38795,0.0662636
0.01275,8.48812,0.10017
0.0127679,8.55438,0.0662636
0.013,8.65456,0.10017
0.0130179,8.72082,0.0662636
0.01325,8.82099,0.10017
0.0132679,8.88725,0.0662636
0.0135,8.98742,0.10017
0.0135179,9.05369,0.0662636
0.01375,9.15386,0.10017
0.0137679,9.22012,0.0662636
0.014,9.32029,0.10017
0.0140179,9.38655,0.0662636
0.01425,9.48672,0.10017
0.0142679,9.55299,0.0662636
0.0145,9.65316,0.10017
0.0145179,9.71942,0.0662636
0.01475,9.81959,0.10017
0.0147679,9.88585,0.0662636
0.015,9.98603,0.10017
0.0150179,10.0523,0.0662636
0.01525,10.1525,0.10017
0.0152679,10.2187,0.0662636
0.0155,10.3189,0.10017
0.0155179,10.3852,0.0662636
0.01575,10.4853,0.10017
0.0157679,10.5516,0.0662636
0.016,10.6518,0.10017
0.0160179,10.718,0.0662636
0.01625,10.8182,0.10017
0.0162679,10.8845,0.0662636
0.0165,10.9846,0.10017
0.0165179,11.0509,0.0662636
0.01675,11.1511,0.10017
0.0167679,11.2173,0.0662636
0.017,11.3175,0.10017
0.0170179,11.3838,0.0662636
0.01725,11.4839,0.10017
0.0172679,11.5502,0.0662636
0.0175,11.6504,0.10017
0.0175179,11.7166,0.0662636
0.01775,11.8168,0.10017
0.0177679,11.8831,0.0662636
0.018,11.9832,0.10017
0.0180179,12.0495,0.0662636
0.01825,12.1497,0.10017
0.0182679,12.2159,0.0662636
0.0185,12.3161,0.10017
0.0185179,12.3824,0.0662636
0.01875,12.4825,0.10017
0.0187679,12.5488,0.0662636
0.019,12.649,0.10017
0.0190179,12.7152,0.0662636
0.01925,12.8154,0.10017
0.0192679,12.8817,0.0662636
0.0195,12.9818,0.10017
0.0195179,13.0481,0.0662636
0.01975,13.1483,0.10017
0.0197679,13.2145,0.0662636
0.02,13.3147,0.10017
0.0200179,13.381,0.0662636
0.02025,13.4811,0.10017
0.0202679,13.5474,0.0662636
0.0205,13.6476,0.10017
0.0205179,13.7138,0.0662636
0.02075,13.814,0.10017
0.0207679,13.8803,0.0662636
0.021,13.9804,0.10017
0.0210179,14.0467,0.0662636
0.02125,14.1469,0.10017
0.0212679,14.2131,0.0662636
0.0215,14.3133,0.10017
0.0215179,14.3796,0.0662636
0.02175,14.4797,0.10017
0.0217679,14.546,0.0662636
0.022,14.6462,0.10017
0.0220179,14.7124,0.0662636
0.0222321,14.8049,0.092464
0.02225,14.8173,0.012401
0.02225,14.8173,1.2945e-06
0.0222679,14.8836,0.0662636
0.0224821,14.976,0.092464
0.0225,14.9884,0.012401
0.0225,14.9884,1.2945e-06
0.0225179,15.0547,0.0662636
0.0227321,15.1472,0.092464
0.02275,15.1596,0.012401
0.02275,15.1596,1.2945e-06
0.0227679,15.2258,0.0662636
0.0229821,15.3183,0.092464
0.023,15.3307,0.012401
0.023,15.3307,1.2945e-06
0.0230179,15.397,0.0662636
0.0232321,15.4894,0.092464
0.02325,15.5018,0.012401
0.02325,15.5018,1.2945e-06
0.0232679,15.5681,0.0662636
0.0234821,15.6605,0.092464
0.0235,15.6729,0.012401
0.0235,15.6729,1.2945e-06
0.0235179,15.7392,0.0662636
0.0237321,15.8317,0.092464
0.02375,15.8441,0.012401
0.02375,15.8441,1.2945e-06
0.0237679,15.9103,0.0662636
0.0239821,16.0028,0.092464
0.024,16.0152,0.012401
0.024,16.0152,1.2945e-06
0.0240179,16.0815,0.0662636
0.0242321,16.1739,0.092464
0.02425,16.1863,0.012401
0.02425,16.1863,1.2945e-06
0.0242679,16.2526,0.0662636
0.0244821,16.3451,0.092464
0.0245,16.3575,0.012401
0.0245,16.3575,1.2945e-06
0.0245179,16.4237,0.0662636
0.0247321,16.5162,0.092464
0.02475,16.5286,0.012401
0.02475,16.5286,1.2945e-06
0.0247679,16.5949,0.0662636
0.0249821,16.6873,0.092464
0.025,16.6997,0.012401
0.025,16.6997,1.2945e-06
0.0250179,16.766,0.0662636
0.0252321,16.8585,0.092464
0.02525,16.8709,0.012401
0.02525,16.8709,1.2945e-06
0.0252679,16.9371,0.0662636
0.0254821,17.0296,0.092464
0.0255,17.042,0.012401
0.0255,17.042,1.2945e-06
0.0255179,17.1083,0.0662636
0.0257321,17.2007,0.092464
0.02575,17.2131,0.012401
0.02575,17.2131,1.2945e-06
0.0257679,17.2794,0.0662636
0.0259821,17.3718,0.092464
0.026,17.3842,0.012401
0.026,17.3842,1.2945e-06
0.0260179,17.4505,0.0662636
0.0262321,17.543,0.092464
0.02625,17.5554,0.012401
0.02625,17.5554,1.2945e-06
0.0262679,17.6216,0.0662636
0.0264821,17.7141,0.092464
0.0265,17.7265,0.012401
0.0265,17.7265,1.2945e-06
0.0265179,17.7928,0.0662636
0.0267321,17.8852,0.092464
0.02675,17.8976,0.012401
0.02675,17.8976,1.2945e-06
0.0267679,17.9639,0.0662636
0.0269821,18.0564,0.092464
0.027,18.0688,0.012401
0.027,18.0688,1.2945e-06
0.0270179,18.135,0.0662636
0.0272321,18.2275,0.092464
0.02725,18.2399,0.012401
0.02725,18.2399,1.2945e-06
0.0272679,18.3062,0.0662636
0.0274821,18.3986,0.092464
0.0275,18.411,0.012401
0.0275,18.411,1.2945e-06
0.0275179,18.4773,0.0662636
0.0277321,18.5698,0.092464
0.02775,18.5822,0.012401
0.02775,18.5822,1.2945e-06
0.0277679,18.6484,0.0662636
0.0279821,18.7409,0.092464
0.028,18.7533,0.012401
0.028,18.7533,1.2945e-06
0.0280179,18.8196,0.0662636
0.0282321,18.912,0.092464
0.02825,18.9244,0.012401
0.02825,18.9244,1.2945e-06
0.0282679,18.9907,0.0662636
0.0284821,19.0831,0.092464
0.0285,19.0955,0.012401
0.0285,19.0955,1.2945e-06
0.0285179,19.1618,0.0662636
0.0287321,19.2543,0.092464
0.02875,19.2667,0.012401
0.02875,19.2667,1.2945e-06
0.0287679,19.3329,0.0662636
0.0289821,19.4254,0.092464
0.029,19.4378,0.012401
0.029,19.4378,1.2945e-06
0.0290179,19.5041,0.0662636
0.0292321,19.5965,0.092464
0.02925,19.6089,0.012401
0.02925,19.6089,1.2945e-06
0.0292679,19.6752,0.0662636
0.0294821,19.7677,0.092464
0.0295,19.7801,0.012401
0.0295,19.7801,1.2945e-06
0.0295179,19.8463,0.0662636
0.0297321,19.9388,0.092464
0.02975,19.9512,0.012401
0.02975,19.9512,1.2945e-06
0.0297679,20.0175,0.0662636
0.0299821,20.1099,0.092464
0.03,20.1223,0.012401
0.03,20.1223,1.2945e-06
0.0300179,20.1886,0.0662636
0.0302321,20.2811,0.092464
0.03025,20.2935,0.012401
0.03025,20.2935,1.2945e-06
0.0302679,20.3597,0.0662636
0.0304821,20.4522,0.092464
0.0305,20.4646,0.012401
0.0305,20.4646,1.2945e-06
0.0305179,20.5308,0.0662636
0.0307321,20.6233,0.092464
0.03075,20.6357,0.012401
0.03075,20.6357,1.2945e-06
0.0307679,20.702,0.0662636
0.0309821,20.7944,0.092464
0.031,20.8068,0.012401
0.031,20.8068,1.2945e-06
0.0310179,20.8731,0.0662636
0.0312321,20.9656,0.092464
0.03125,20.978,0.012401
0.03125,20.978,1.2945e-06
0.0312679,21.0442,0.0662636
0.0314821,21.1367,0.092464
0.0315,21.1491,0.012401
0.0315,21.1491,1.2945e-06
0.0315179,21.2154,0.0662636
0.0317321,21.3078,0.092464
0.03175,21.3202,0.012401
0.03175,21.3202,1.2945e-06
0.0317679,21.3865,0.0662636
0.0319821,21.479,0.092464
0.032,21.4914,0.012401
0.032,21.4914,1.2945e-06
0.0320179,21.5576,0.0662636
0.0322321,21.6501,0.092464
0.03225,21.6625,0.012401
0.03225,21.6625,1.2945e-06
0.0322679,21.7288,0.0662636
0.0324821,21.8212,0.092464
0.0325,21.8336,0.012401
0.0325,21.8336,1.2945e-06
0.0325179,21.8999,0.0662636
0.0327321,21.9924,0.092464
0.03275,22.0048,0.012401
0.03275,22.0048,1.2945e-06
0.0327679,22.071,0.0662636
0.0329821,22.1635,0.092464
0.033,22.1759,0.012401
0.033,22.1759,1.2945e-06
0.0330179,22.2421,0.0662636
0.0332321,22.3346,0.092464
0.03325,22.347,0.012401
0.03325,22.347,1.2945e-06
0.0332679,22.4133,0.0662636
0.0334821,22.5057,0.092464
0.0335,22.5181,0.012401
0.0335,22.5181,1.2945e-06
0.0335179,22.5844,0.0662636
0.0337321,22.6769,0.092464
0.03375,22.6893,0.012401
0.03375,22.6893,1.2945e-06
0.0337679,22.7555,0.0662636
0.0339821,22.848,0.092464
0.034,22.8604,0.012401
0.034,22.8604,1.2945e-06
0.0340179,22.9267,0.0662636
0.0342321,23.0191,0.092464
0.03425,23.0315,0.012401
0.03425,23.0315,1.2945e-06
0.0342679,23.0978,0.0662636
0.0344821,23.1903,0.092464
0.0345,23.2027,0.012401
0.0345,23.2027,1.2945e-06
0.0345179,23.2689,0.0662636
0.0347321,23.3614,0.092464
0.03475,23.3738,0.012401
0.03475,23.3738,1.2945e-06
0.0347679,23.4401,0.0662636
0.0349821,23.5325,0.092464
0.035,23.5449,0.012401
0.035,23.5449,1.2945e-06
0.0350179,23.6112,0.0662636
0.0352321,23.7037,0.092464
0.03525,23.7161,0.012401
0.03525,23.7161,1.2945e-06
0.0352679,23.7823,0.0662636
0.0354821,23.8748,0.092464
0.0355,23.8872,0.012401
0.0355,23.8872,1.2945e-06
0.0355179,23.9534,0.0662636
0.0357321,24.0459,0.092464
0.03575,24.0583,0.012401
0.03575,24.0583,1.2945e-06
0.0357679,24.1246,0.0662636
0.0359821,24.217,0.092464
0.036,24.2294,0.012401
0.036,24.2294,1.2945e-06
0.0360179,24.2957,0.0662636
0.0362321,24.3882,0.092464
0.03625,24.4006,0.012401
0.03625,24.4006,1.2945e-06
0.0362679,24.4668,0.0662636
0.0364821,24.5593,0.092464
0.0365,24.5717,0.012401
0.0365,24.5717,1.2945e-06
0.0365179,24.638,0.0662636
0.0367321,24.7304,0.092464
0.03675,24.7428,0.012401
0.03675,24.7428,1.2945e-06
0.0367679,24.8091,0.0662636
0.0369821,24.9016,0.092464
0.037,24.914,0.012401
0.037,24.914,1.2945e-06
0.0370179,24.9802,0.0662636
0.0372321,25.0727,0.092464
0.03725,25.0851,0.012401
0.03725,25.0851,1.2945e-06
0.0372679,25.1514,0.0662636
0.0374821,25.2438,0.092464
0.0375,25.2562,0.012401
0.0375,25.2562,1.2945e-06
0.0375179,25.3225,0.0662636
0.0377321,25.415,0.092464
0.03775,25.4274,0.012401
0.03775,25.4274,1.2945e-06
0.0377679,25.4936,0.0662636
0.0379821,25.5861,0.092464
0.038,25.5985,0.012401
0.038,25.5985,1.2945e-06
0.0380179,25.6647,0.0662636
0.0382321,25.7572,0.092464
0.03825,25.7696,0.012401
0.03825,25.7696,1.2945e-06
0.0382679,25.8359,0.0662636
0.0384821,25.9283,0.092464
0.0385,25.9407,0.012401
0.0385,25.9407,1.2945e-06
0.0385179,26.007,0.0662636
0.0387321,26.0995,0.092464
0.03875,26.1119,0.012401
0.03875,26.1119,1.2945e-06
0.0387679,26.1781,0.0662636
0.0389821,26.2706,0.092464
0.039,26.283,0.012401
0.039,26.283,1.2945e-06
0.0390179,26.3493,0.0662636
0.0392321,26.4417,0.092464
0.03925,26.4541,0.012401
0.03925,26.4541,1.2945e-06
0.0392679,26.5204,0.0662636
0.0394821,26.6129,0.092464
0.0395,26.6253,0.012401
0.0395,26.6253,1.2945e-06
0.0395179,26.6915,0.0662636
0.0397321,26.784,0.092464
0.03975,26.7964,0.012401
0.03975,26.7964,1.2945e-06
0.0397679,26.8627,0.0662636
0.0399821,26.9551,0.092464
0.04,26.9675,0.012401
0.04,26.9675,1.2945e-06
0.0400179,27.0338,0.0662636
0.0402321,27.1262,0.092464
0.04025,27.1387,0.012401
0.04025,27.1387,1.2945e-06
0.0402679,27.2049,0.0662636
0.0404821,27.2974,0.092464
0.0405,27.3098,0.012401
0.0405,27.3098,1.2945e-06
0.0405179,27.376,0.0662636
0.0407321,27.4685,0.092464
0.04075,27.4809,0.012401
0.04075,27.4809,1.2945e-06
0.0407679,27.5472,0.0662636
0.0409821,27.6396,0.092464
0.041,27.652,0.012401
0.041,27.652,1.2945e-06
0.0410179,27.7183,0.0662636
0.0412321,27.8108,0.092464
0.04125,27.8232,0.012401
0.04125,27.8232,1.2945e-06
0.0412679,27.8894,0.0662636
0.0414821,27.9819,0.092464
0.0415,27.9943,0.012401
0.0415,27.9943,1.2945e-06
0.0415179,28.0606,0.0662636
0.0417321,28.153,0.092464
0.04175,28.1654,0.012401
0.04175,28.1654,1.2945e-06
0.0417679,28.2317,0.0662636
0.0419821,28.3242,0.092464
0.042,28.3366,0.012401
0.042,28.3366,1.2945e-06
0.0420179,28.4028,0.0662636
0.0422321,28.4953,0.092464
0.04225,28.5077,0.012401
0.04225,28.5077,1.2945e-06
0.0422679,28.574,0.0662636
0.0424821,28.6664,0.092464
0.0425,28.6788,0.012401
0.0425,28.6788,1.2945e-06
0.0425179,28.7451,0.0662636
0.0427321,28.8375,0.092464
0.04275,28.8499,0.012401
0.04275,28.85,1.2945e-06
0.0427679,28.9162,0.0662636
0.0429821,29.0087,0.092464
0.043,29.0211,0.012401
0.043,29.0211,1.2945e-06
0.0430179,29.0873,0.0662636
0.0432321,29.1798,0.092464
0.04325,29.1922,0.012401
0.04325,29.1922,1.2945e-06
0.0432679,29.2585,0.0662636
0.0434821,29.3509,0.092464
0.0435,29.3633,0.012401
0.0435,29.3633,1.2945e-06
0.0435179,29.4296,0.0662636
0.0437321,29.5221,0.092464
0.04375,29.5345,0.012401
0.04375,29.5345,1.2945e-06
0.0437679,29.6007,0.0662636
0.0439821,29.6932,0.092464
0.044,29.7056,0.012401
0.044,29.7056,1.2945e-06
0.0440179,29.7719,0.0662636
0.0442321,29.8643,0.092464
0.04425,29.8767,0.012401
0.04425,29.8767,1.2945e-06
0.0442679,29.943,0.0662636
0.0444821,30.0355,0.092464
0.0445,30.0479,0.012401
0.0445,30.0479,1.2945e-06
0.0445179,30.1141,0.0662636
0.0447321,30.2066,0.092464
0.04475,30.219,0.012401
0.04475,30.219,1.2945e-06
0.0447679,30.2853,0.0662636
0.0449821,30.3777,0.092464
0.045,30.3901,0.012401
0.045,30.3901,1.2945e-06
0.0450179,30.4564,0.0662636
0.0452321,30.5488,0.092464
0.04525,30.5612,0.012401
0.04525,30.5612,1.2945e-06
0.0452679,30.6275,0.0662636
0.0454821,30.72,0.092464
0.0455,30.7324,0.012401
0.0455,30.7324,1.2945e-06
0.0455179,30.7986,0.0662636
0.0457321,30.8911,0.092464
0.04575,30.9035,0.012401
0.04575,30.9035,1.2945e-06
0.0457679,30.9698,0.0662636
0.0459821,31.0622,0.092464
0.046,31.0746,0.012401
0.046,31.0746,1.2945e-06
0.0460179,31.1409,0.0662636
0.0462321,31.2334,0.092464
0.04625,31.2458,0.012401
0.04625,31.2458,1.2945e-06
0.0462679,31.312,0.0662636
0.0464821,31.4045,0.092464
0.0465,31.4169,0.012401
0.0465,31.4169,1.2945e-06
0.0465179,31.4832,0.0662636
0.0467321,31.5756,0.092464
0.04675,31.588,0.012401
0.04675,31.588,1.2945e-06
0.0467679,31.6543,0.0662636
0.0469821,31.7468,0.092464
0.047,31.7592,0.012401
0.047,31.7592,1.2945e-06
0.0470179,31.8254,0.0662636
0.0472321,31.9179,0.092464
0.04725,31.9303,0.012401
0.04725,31.9303,1.2945e-06
0.0472679,31.9966,0.0662636
0.0474821,32.089,0.092464
0.0475,32.1014,0.012401
0.0475,32.1014,1.2945e-06
0.0475179,32.1677,0.0662636
0.0477321,32.2601,0.092464
0.04775,32.2725,0.012401
0.04775,32.2725,1.2945e-06
0.0477679,32.3388,0.0662636
0.0479821,32.4313,0.092464
0.048,32.4437,0.012401
0.048,32.4437,1.2945e-06
0.0480179,32.5099,0.0662636
0.0482321,32.6024,0.092464
0.04825,32.6148,0.012401
0.04825,32.6148,1.2945e-06
0.0482679,32.6811,0.0662636
0.0484821,32.7735,0.092464
0.0485,32.7859,0.012401
0.0485,32.7859,1.2945e-06
0.0485179,32.8522,0.0662636
0.0487321,32.9447,0.092464
0.04875,32.9571,0.012401
0.04875,32.9571,1.2945e-06
0.0487679,33.0233,0.0662636
0.0489821,33.1158,0.092464
0.049,33.1282,0.012401
0.049,33.1282,1.2945e-06
0.0490179,33.1945,0.0662636
0.0492321,33.2869,0.092464
0.04925,33.2993,0.012401
0.04925,33.2993,1.2945e-06
0.0492679,33.3656,0.0662636
0.0494821,33.4581,0.092464
0.0495,33.4705,0.012401
0.0495,33.4705,1.2945e-06
0.0495179,33.5367,0.0662636
0.0497321,33.6292,0.092464
0.04975,33.6416,0.012401
0.04975,33.6416,1.2945e-06
0.0497679,33.7079,0.0662636
0.0499821,33.8003,0.092464
0.05,33.8127,0.012401
0.05,33.8127,1.2945e-06
0.0500179,33.879,0.0662636
0.0502321,33.9714,0.092464
0.05025,33.9838,0.012401
0.05025,33.9838,1.2945e-06
0.0502679,34.0501,0.0662636
0.0504821,34.1426,0.092464
0.0505,34.155,0.012401
0.0505,34.155,1.2945e-06
0.0505179,34.2212,0.0662636
0.0507321,34.3137,0.092464
0.05075,34.3261,0.012401
0.05075,34.3261,1.2945e-06
0.0507679,34.3924,0.0662636
0.0509821,34.4848,0.092464
0.051,34.4972,0.012401
0.051,34.4972,1.2945e-06
0.0510179,34.5635,0.0662636
0.0512321,34.656,0.092464
0.05125,34.6684,0.012401
0.05125,34.6684,1.2945e-06
0.0512679,34.7346,0.0662636
0.0514821,34.8271,0.092464
0.0515,34.8395,0.012401
0.0515,34.8395,1.2945e-06
0.0515179,34.9058,0.0662636
0.0517321,34.9982,0.092464
0.05175,35.0106,0.012401
0.05175,35.0106,1.2945e-06
0.0517679,35.0769,0.0662636
0.0519821,35.1694,0.092464
0.052,35.1818,0.012401
0.052,35.1818,1.2945e-06
0.0520179,35.248,0.0662636
0.0522321,35.3405,0.092464
0.05225,35.3529,0.012401
0.05225,35.3529,1.2945e-06
0.0522679,35.4191,0.0662636
0.0524821,35.5116,0.092464
0.0525,35.524,0.012401
0.0525,35.524,1.2945e-06
0.0525179,35.5903,0.0662636
0.0527321,35.6827,0.092464
0.05275,35.6951,0.012401
0.05275,35.6951,1.2945e-06
0.0527679,35.7614,0.0662636
0.0529821,35.8539,0.092464
0.053,35.8663,0.012401
0.053,35.8663,1.2945e-06
0.0530179,35.9325,0.0662636
0.0532321,36.025,0.092464
0.05325,36.0374,0.012401
0.05325,36.0374,1.2945e-06
0.0532679,36.1037,0.0662636
0.0534821,36.1961,0.092464
0.0535,36.2085,0.012401
0.0535,36.2085,1.2945e-06
0.0535179,36.2748,0.0662636
0.0537321,36.3673,0.092464
0.05375,36.3797,0.012401
0.05375,36.3797,1.2945e-06
0.0537679,36.4459,0.0662636
0.0539821,36.5384,0.092464
0.054,36.5508,0.012401
0.054,36.5508,1.2945e-06
0.0540179,36.6171,0.0662636
0.0542321,36.7095,0.092464
0.05425,36.7219,0.012401
0.05425,36.7219,1.2945e-06
0.0542679,36.7882,0.0662636
0.0544821,36.8807,0.092464
0.0545,36.8931,0.012401
0.0545,36.8931,1.2945e-06
0.0545179,36.9593,0.0662636
0.0547321,37.0518,0.092464
0.05475,37.0642,0.012401
0.05475,37.0642,1.2945e-06
0.0547679,37.1304,0.0662636
0.0549821,37.2229,0.092464
0.055,37.2353,0.012401
0.055,37.2353,1.2945e-06
0.0550179,37.3016,0.0662636
0.0552321,37.394,0.092464
0.05525,37.4064,0.012401
0.05525,37.4064,1.2945e-06
0.0552679,37.4727,0.0662636
0.0554821,37.5652,0.092464
0.0555,37.5776,0.012401
0.0555,37.5776,1.2945e-06
0.0555179,37.6438,0.0662636
0.0557321,37.7363,0.092464
0.05575,37.7487,0.012401
0.05575,37.7487,1.2945e-06
0.0557679,37.815,0.0662636
0.0559821,37.9074,0.092464
0.056,37.9198,0.012401
0.056,37.9198,1.2945e-06
0.0560179,37.9861,0.0662636
0.0562321,38.0786,0.092464
0.05625,38.091,0.012401
0.05625,38.091,1.2945e-06
0.0562679,38.1572,0.0662636
0.0564821,38.2497,0.092464
0.0565,38.2621,0.012401
0.0565,38.2621,1.2945e-06
0.0565179,38.3284,0.0662636
0.0567321,38.4208,0.092464
0.05675,38.4332,0.012401
0.05675,38.4332,1.2945e-06
0.0567679,38.4995,0.0662636
0.0569821,38.592,0.092464
0.057,38.6044,0.012401
0.057,38.6044,1.2945e-06
0.0570179,38.6706,0.0662636
0.0572321,38.7631,0.092464
0.05725,38.7755,0.012401
0.05725,38.7755,1.2945e-06
0.0572679,38.8417,0.0662636
0.0574821,38.9342,0.092464
0.0575,38.9466,0.012401
0.0575,38.9466,1.2945e-06
0.0575179,39.0129,0.0662636
0.0577321,39.1053,0.092464
0.05775,39.1177,0.012401
0.05775,39.1177,1.2945e-06
0.0577679,39.184,0.0662636
0.0579821,39.2765,0.092464
0.058,39.2889,0.012401
0.058,39.2889,1.2945e-06
0.0580179,39.3551,0.0662636
0.0582321,39.4476,0.092464
0.05825,39.46,0.012401
0.05825,39.46,1.2945e-06
0.0582679,39.5263,0.0662636
0.0584821,39.6187,0.092464
0.0585,39.6311,0.012401
0.0585,39.6311,1.2945e-06
0.0585179,39.6974,0.0662636
0.0587321,39.7899,0.092464
0.05875,39.8023,0.012401
0.05875,39.8023,1.2945e-06
0.0587679,39.8685,0.0662636
0.0589821,39.961,0.092464
0.059,39.9734,0.012401
0.059,39.9734,1.2945e-06
0.0590179,40.0397,0.0662636
0.0592321,40.1321,0.092464
0.05925,40.1445,0.012401
0.05925,40.1445,1.2945e-06
0.0592679,40.2108,0.0662636
0.0594821,40.3032,0.092464
0.0595,40.3157,0.012401
0.0595,40.3157,1.2945e-06
0.0595179,40.3819,0.0662636
0.0597321,40.4744,0.092464
0.05975,40.4868,0.012401
0.05975,40.4868,1.2945e-06
0.0597679,40.553,0.0662636
0.0599821,40.6455,0.092464
0.06,40.6579,0.012401
0.06,40.6579,1.2945e-06
0.0600179,40.7242,0.0662636
0.0602321,40.8166,0.092464
0.06025,40.829,0.012401
0.06025,40.829,1.2945e-06
0.0602679,40.8953,0.0662636
0.0604821,40.9878,0.092464
0.0605,41.0002,0.012401
0.0605,41.0002,1.2945e-06
0.0605179,41.0664,0.0662636
0.0607321,41.1589,0.092464
0.06075,41.1713,0.012401
0.06075,41.1713,1.2945e-06
0.0607679,41.2376,0.0662636
0.0609821,41.33,0.092464
0.061,41.3424,0.012401
0.061,41.3424,1.2945e-06
0.0610179,41.4087,0.0662636
0.0612321,41.5012,0.092464
0.06125,41.5136,0.012401
0.06125,41.5136,1.2945e-06
0.0612679,41.5798,0.0662636
0.0614821,41.6723,0.092464
0.0615,41.6847,0.012401
0.0615,41.6847,1.2945e-06
0.0615179,41.751,0.0662636
0.0617321,41.8434,0.092464
0.06175,41.8558,0.012401
0.06175,41.8558,1.2945e-06
0.0617679,41.9221,0.0662636
0.0619821,42.0145,0.092464
0.062,42.0269,0.012401
0.062,42.027,1.2945e-06
0.0620179,42.0932,0.0662636
0.0622321,42.1857,0.092464
0.06225,42.1981,0.012401
0.06225,42.1981,1.2945e-06
0.0622679,42.2643,0.0662636
0.0624821,42.3568,0.092464
0.0625,42.3692,0.012401
0.0625,42.3692,1.2945e-06
0.0625179,42.4355,0.0662636
0.0627321,42.5279,0.092464
0.06275,42.5403,0.012401
0.06275,42.5403,1.2945e-06
0.0627679,42.6066,0.0662636
0.0629821,42.6991,0.092464
0.063,42.7115,0.012401
0.063,42.7115,1.2945e-06
0.0630179,42.7777,0.0662636
0.0632321,42.8702,0.092464
0.06325,42.8826,0.012401
0.06325,42.8826,1.2945e-06
0.0632679,42.9489,0.0662636
0.0634821,43.0413,0.092464
0.0635,43.0537,0.012401
0.0635,43.0537,1.2945e-06
0.0635179,43.12,0.0662636
0.0637321,43.2125,0.092464
0.06375,43.2249,0.012401
0.06375,43.2249,1.2945e-06
0.0637679,43.2911,0.0662636
0.0639821,43.3836,0.092464
0.064,43.396,0.012401
0.064,43.396,1.2945e-06
0.0640179,43.4623,0.0662636
0.0642321,43.5547,0.092464
0.06425,43.5671,0.012401
0.06425,43.5671,1.2945e-06
0.0642679,43.6334,0.0662636
0.0644821,43.7258,0.092464
0.0645,43.7382,0.012401
0.0645,43.7382,1.2945e-06
0.0645179,43.8045,0.0662636
0.0647321,43.897,0.092464
0.06475,43.9094,0.012401
0.06475,43.9094,1.2945e-06
0.0647679,43.9756,0.0662636
0.0649821,44.0681,0.092464
0.065,44.0805,0.012401
0.065,44.0805,1.2945e-06
0.0650179,44.1468,0.0662636
0.0652321,44.2392,0.092464
0.06525,44.2516,0.012401
0.06525,44.2516,1.2945e-06
0.0652679,44.3179,0.0662636
0.0654821,44.4104,0.092464
0.0655,44.4228,0.012401
0.0655,44.4228,1.2945e-06
0.0655179,44.489,0.0662636
0.0657321,44.5815,0.092464
0.06575,44.5939,0.012401
0.06575,44.5939,1.2945e-06
0.0657679,44.6602,0.0662636
0.0659821,44.7526,0.092464
0.066,44.765,0.012401
0.066,44.765,1.2945e-06
0.0660179,44.8313,0.0662636
0.0662321,44.9238,0.092464
0.06625,44.9362,0.012401
0.06625,44.9362,1.2945e-06
0.0662679,45.0024,0.0662636
0.0664821,45.0949,0.092464
0.0665,45.1073,0.012401
0.0665,45.1073,1.2945e-06
0.0665179,45.1736,0.0662636
0.0667321,45.266,0.092464
0.06675,45.2784,0.012401
0.06675,45.2784,1.2945e-06
0.0667679,45.3447,0.0662636
0.0669821,45.4371,0.092464
0.067,45.4495,0.012401
0.067,45.4495,1.2945e-06
0.0670179,45.5158,0.0662636
0.0672321,45.6083,0.092464
0.06725,45.6207,0.012401
0.06725,45.6207,1.2945e-06
0.0672679,45.6869,0.0662636
0.0674821,45.7794,0.092464
0.0675,45.7918,0.012401
0.0675,45.7918,1.2945e-06
0.0675179,45.8581,0.0662636
0.0677321,45.9505,0.092464
0.06775,45.9629,0.012401
0.06775,45.9629,1.2945e-06
0.0677679,46.0292,0.0662636
0.0679821,46.1217,0.092464
0.068,46.1341,0.012401
0.068,46.1341,1.2945e-06
0.0680179,46.2003,0.0662636
0.0682321,46.2928,0.092464
0.06825,46.3052,0.012401
0.06825,46.3052,1.2945e-06
0.0682679,46.3715,0.0662636
0.0684821,46.4639,0.092464
0.0685,46.4763,0.012401
0.0685,46.4763,1.2945e-06
0.0685179,46.5426,0.0662636
0.0687321,46.6351,0.092464
0.06875,46.6475,0.012401
0.06875,46.6475,1.2945e-06
0.0687679,46.7137,0.0662636
0.0689821,46.8062,0.092464
0.069,46.8186,0.012401
0.069,46.8186,1.2945e-06
0.0690179,46.8849,0.0662636
0.0692321,46.9773,0.092464
0.06925,46.9897,0.012401
0.06925,46.9897,1.2945e-06
0.0692679,47.056,0.0662636
0.0694821,47.1484,0.092464
0.0695,47.1608,0.012401
0.0695,47.1608,1.2945e-06
0.0695179,47.2271,0.0662636
0.0697321,47.3196,0.092464
0.06975,47.332,0.012401
0.06975,47.332,1.2945e-06
0.0697679,47.3982,0.0662636
0.0699821,47.4907,0.092464
0.07,47.5031,0.012401
0.07,47.5031,1.2945e-06
0.0700179,47.5694,0.0662636
0.0702321,47.6618,0.092464
0.07025,47.6742,0.012401
0.07025,47.6742,1.2945e-06
0.0702679,47.7405,0.0662636
0.0704821,47.833,0.092464
0.0705,47.8454,0.012401
0.0705,47.8454,1.2945e-06
0.0705179,47.9116,0.0662636
0.0707321,48.0041,0.092464
0.07075,48.0165,0.012401
0.07075,48.0165,1.2945e-06
0.0707679,48.0828,0.0662636
0.0709821,48.1752,0.092464
0.071,48.1876,0.012401
0.071,48.1876,1.2945e-06
0.0710179,48.2539,0.0662636
0.0712321,48.3464,0.092464
0.07125,48.3588,0.012401
0.07125,48.3588,1.2945e-06
0.0712679,48.425,0.0662636
0.0714821,48.5175,0.092464
0.0715,48.5299,0.012401
0.0715,48.5299,1.2945e-06
0.0715179,48.5962,0.0662636
0.0717321,48.6886,0.092464
0.07175,48.701,0.012401
0.07175,48.701,1.2945e-06
0.0717679,48.7673,0.0662636
0.0719821,48.8597,0.092464
0.072,48.8721,0.012401
0.072,48.8721,1.2945e-06
0.0720179,48.9384,0.0662636
0.0722321,49.0309,0.092464
0.07225,49.0433,0.012401
0.07225,49.0433,1.2945e-06
0.0722679,49.1095,0.0662636
0.0724821,49.202,0.092464
0.0725,49.2144,0.012401
0.0725,49.2144,1.2945e-06
0.0725179,49.2807,0.0662636
0.0727321,49.3731,0.092464
0.07275,49.3855,0.012401
0.07275,49.3855,1.2945e-06
0.0727679,49.4518,0.0662636
0.0729821,49.5443,0.092464
0.073,49.5567,0.012401
0.073,49.5567,1.2945e-06
0.0730179,49.6229,0.0662636
0.0732321,49.7154,0.092464
0.07325,49.7278,0.012401
0.07325,49.7278,1.2945e-06
0.0732679,49.7941,0.0662636
0.0734821,49.8865,0.092464
0.0735,49.8989,0.012401
0.0735,49.8989,1.2945e-06
0.0735179,49.9652,0.0662636
0.0737321,50.0577,0.092464
0.07375,50.0701,0.012401
0.07375,50.0701,1.2945e-06
0.0737679,50.1363,0.0662636
0.0739821,50.2288,0.092464
0.074,50.2412,0.012401
0.074,50.2412,1.2945e-06
0.0740179,50.3074,0.0662636
0.0742321,50.3999,0.092464
0.07425,50.4123,0.012401
0.07425,50.4123,1.2945e-06
0.0742679,50.4786,0.0662636
0.0744821,50.571,0.092464
0.0745,50.5834,0.012401
0.0745,50.5834,1.2945e-06
0.0745179,50.6497,0.0662636
0.0747321,50.7422,0.092464
0.07475,50.7546,0.012401
0.07475,50.7546,1.2945e-06
0.0747679,50.8208,0.0662636
0.0749821,50.9133,0.092464
0.075,50.9257,0.012401
0.075,50.9257,1.2945e-06
0.0750179,50.992,0.0662636
0.0752321,51.0844,0.092464
0.07525,51.0968,0.012401
0.07525,51.0968,1.2945e-06
0.0752679,51.1631,0.0662636
0.0754821,51.2556,0.092464
0.0755,51.268,0.012401
0.0755,51.268,1.2945e-06
0.0755179,51.3342,0.0662636
0.0757321,51.4267,0.092464
0.07575,51.4391,0.012401
0.07575,51.4391,1.2945e-06
0.0757679,51.5054,0.0662636
0.0759821,51.5978,0.092464
0.076,51.6102,0.012401
0.076,51.6102,1.2945e-06
0.0760179,51.6765,0.0662636
0.0762321,51.769,0.092464
0.07625,51.7814,0.012401
0.07625,51.7814,1.2945e-06
0.0762679,51.8476,0.0662636
0.0764821,51.9401,0.092464
0.0765,51.9525,0.012401
0.0765,51.9525,1.2945e-06
0.0765179,52.0187,0.0662636
0.0767321,52.1112,0.092464
0.07675,52.1236,0.012401
0.07675,52.1236,1.2945e-06
0.0767679,52.1899,0.0662636
0.0769821,52.2823,0.092464
0.077,52.2947,0.012401
0.077,52.2947,1.2945e-06
0.0770179,52.361,0.0662636
0.0772321,52.4535,0.092464
0.07725,52.4659,0.012401
0.07725,52.4659,1.2945e-06
0.0772679,52.5321,0.0662636
0.0774821,52.6246,0.092464
0.0775,52.637,0.012401
0.0775,52.637,1.2945e-06
0.0775179,52.7033,0.0662636
0.0777321,52.7957,0.092464
0.07775,52.8081,0.012401
0.07775,52.8081,1.2945e-06
0.0777679,52.8744,0.0662636
0.0779821,52.9669,0.092464
0.078,52.9793,0.012401
0.078,52.9793,1.2945e-06
0.0780179,53.0455,0.0662636
0.0782321,53.138,0.092464
0.07825,53.1504,0.012401
0.07825,53.1504,1.2945e-06
0.0782679,53.2167,0.0662636
0.0784821,53.3091,0.092464
0.0785,53.3215,0.012401
0.0785,53.3215,1.2945e-06
0.0785179,53.3878,0.0662636
0.0787321,53.4803,0.092464
0.07875,53.4927,0.012401
0.07875,53.4927,1.2945e-06
0.0787679,53.5589,0.0662636
0.0789821,53.6514,0.092464
0.079,53.6638,0.012401
0.079,53.6638,1.2945e-06
0.0790179,53.73,0.0662636
0.0792321,53.8225,0.092464
0.07925,53.8349,0.012401
0.07925,53.8349,1.2945e-06
0.0792679,53.9012,0.0662636
0.0794821,53.9936,0.092464
0.0795,54.006,0.012401
0.0795,54.006,1.2945e-06
0.0795179,54.0723,0.0662636
0.0797321,54.1648,0.092464
0.07975,54.1772,0.012401
0.07975,54.1772,1.2945e-06
0.0797679,54.2434,0.0662636
0.0799821,54.3359,0.092464
0.08,54.3483,0.012401
0.08,54.3483,1.2945e-06
0.0800179,54.4146,0.0662636
0.0802321,54.507,0.092464
0.08025,54.5194,0.012401
0.08025,54.5194,1.2945e-06
0.0802679,54.5857,0.0662636
0.0804821,54.6782,0.092464
0.0805,54.6906,0.012401
0.0805,54.6906,1.2945e-06
0.0805179,54.7568,0.0662636
0.0807321,54.8493,0.092464
0.08075,54.8617,0.012401
0.08075,54.8617,1.2945e-06
0.0807679,54.928,0.0662636
0.0809821,55.0204,0.092464
0.081,55.0328,0.012401
0.081,55.0328,1.2945e-06
0.0810179,55.0991,0.0662636
0.0812321,55.1915,0.092464
0.08125,55.204,0.012401
0.08125,55.204,1.2945e-06
0.0812679,55.2702,0.0662636
0.0814821,55.3627,0.092464
0.0815,55.3751,0.012401
0.0815,55.3751,1.2945e-06
0.0815179,55.4413,0.0662636
0.0817321,55.5338,0.092464
0.08175,55.5462,0.012401
0.08175,55.5462,1.2945e-06
0.0817679,55.6125,0.0662636
0.0819821,55.7049,0.092464
0.082,55.7173,0.012401
0.082,55.7173,1.2945e-06
0.0820179,55.7836,0.0662636
0.0822321,55.8761,0.092464
0.08225,55.8885,0.012401
0.08225,55.8885,1.2945e-06
0.0822679,55.9547,0.0662636
0.0824821,56.0472,0.092464
0.0825,56.0596,0.012401
0.0825,56.0596,1.2945e-06
0.0825179,56.1259,0.0662636
0.0827321,56.2183,0.092464
0.08275,56.2307,0.012401
0.08275,56.2307,1.2945e-06
0.0827679,56.297,0.0662636
0.0829821,56.3895,0.092464
0.083,56.4019,0.012401
0.083,56.4019,1.2945e-06
0.0830179,56.4681,0.0662636
0.0832321,56.5606,0.092464
0.08325,56.573,0.012401
0.08325,56.573,1.2945e-06
0.0832679,56.6393,0.0662636
0.0834821,56.7317,0.092464
0.0835,56.7441,0.012401
0.0835,56.7441,1.2945e-06
0.0835179,56.8104,0.0662636
0.0837321,56.9028,0.092464
0.08375,56.9152,0.012401
0.08375,56.9153,1.2945e-06
0.0837679,56.9815,0.0662636
0.0839821,57.074,0.092464
0.084,57.0864,0.012401
0.084,57.0864,1.2945e-06
0.0840179,57.1526,0.0662636
0.0842321,57.2451,0.092464
0.08425,57.2575,0.012401
0.08425,57.2575,1.2945e-06
0.0842679,57.3238,0.0662636
0.0844821,57.4162,0.092464
0.0845,57.4286,0.012401
0.0845,57.4286,1.2945e-06
0.0845179,57.4949,0.0662636
0.0847321,57.5874,0.092464
0.08475,57.5998,0.012401
0.08475,57.5998,1.2945e-06
0.0847679,57.666,0.0662636
0.0849821,57.7585,0.092464
0.085,57.7709,0.012401
0.085,57.7709,1.2945e-06
0.0850179,57.8372,0.0662636
0.0852321,57.9296,0.092464
0.08525,57.942,0.012401
0.08525,57.942,1.2945e-06
0.0852679,58.0083,0.0662636
0.0854821,58.1008,0.092464
0.0855,58.1132,0.012401
0.0855,58.1132,1.2945e-06
0.0855179,58.1794,0.0662636
0.0857321,58.2719,0.092464
0.08575,58.2843,0.012401
0.08575,58.2843,1.2945e-06
0.0857679,58.3506,0.0662636
0.0859821,58.443,0.092464
0.086,58.4554,0.012401
0.086,58.4554,1.2945e-06
0.0860179,58.5217,0.0662636
0.0862321,58.6141,0.092464
0.08625,58.6265,0.012401
0.08625,58.6265,1.2945e-06
0.0862679,58.6928,0.0662636
0.0864821,58.7853,0.092464
0.0865,58.7977,0.012401
0.0865,58.7977,1.2945e-06
0.0865179,58.8639,0.0662636
0.0867321,58.9564,0.092464
0.08675,58.9688,0.012401
0.08675,58.9688,1.2945e-06
0.0867679,59.0351,0.0662636
0.0869821,59.1275,0.092464
0.087,59.1399,0.012401
0.087,59.1399,1.2945e-06
0.0870179,59.2062,0.0662636
0.0872321,59.2987,0.092464
0.08725,59.3111,0.012401
0.08725,59.3111,1.2945e-06
0.0872679,59.3773,0.0662636
0.0874821,59.4698,0.092464
0.0875,59.4822,0.012401
0.0875,59.4822,1.2945e-06
0.0875179,59.5485,0.0662636
0.0877321,59.6409,0.092464
0.08775,59.6533,0.012401
0.08775,59.6533,1.2945e-06
0.0877679,59.7196,0.0662636
0.0879821,59.8121,0.092464
0.088,59.8245,0.012401
0.088,59.8245,1.2945e-06
0.0880179,59.8907,0.0662636
0.0882321,59.9832,0.092464
0.08825,59.9956,0.012401
0.08825,59.9956,1.2945e-06
0.0882679,60.0619,0.0662636
0.0884821,60.1543,0.092464
0.0885,60.1667,0.012401
0.0885,60.1667,1.2945e-06
0.0885179,60.233,0.0662636
0.0887321,60.3254,0.092464
0.08875,60.3378,0.012401
0.08875,60.3378,1.2945e-06
0.0887679,60.4041,0.0662636
0.0889821,60.4966,0.092464
0.089,60.509,0.012401
0.089,60.509,1.2945e-06
0.0890179,60.5752,0.0662636
0.0892321,60.6677,0.092464
0.08925,60.6801,0.012401
0.08925,60.6801,1.2945e-06
0.0892679,60.7464,0.0662636
0.0894821,60.8388,0.092464
0.0895,60.8512,0.012401
0.0895,60.8512,1.2945e-06
0.0895179,60.9175,0.0662636
0.0897321,61.01,0.092464
0.08975,61.0224,0.012401
0.08975,61.0224,1.2945e-06
0.0897679,61.0886,0.0662636
0.0899821,61.1811,0.092464
0.09,61.1935,0.012401
0.09,61.1935,1.2945e-06
0.0900179,61.2598,0.0662636
0.0902321,61.3522,0.092464
0.09025,61.3646,0.012401
0.09025,61.3646,1.2945e-06
0.0902679,61.4309,0.0662636
0.0904821,61.5234,0.092464
0.0905,61.5358,0.012401
0.0905,61.5358,1.2945e-06
0.0905179,61.602,0.0662636
0.0907321,61.6945,0.092464
0.09075,61.7069,0.012401
0.09075,61.7069,1.2945e-06
0.0907679,61.7732,0.0662636
0.0909821,61.8656,0.092464
0.091,61.878,0.012401
0.091,61.878,1.2945e-06
0.0910179,61.9443,0.0662636
0.0912321,62.0367,0.092464
0.09125,62.0491,0.012401
0.09125,62.0491,1.2945e-06
0.0912679,62.1154,0.0662636
0.0914821,62.2079,0.092464
0.0915,62.2203,0.012401
0.0915,62.2203,1.2945e-06
0.0915179,62.2865,0.0662636
0.0917321,62.379,0.092464
0.09175,62.3914,0.012401
0.09175,62.3914,1.2945e-06
0.0917679,62.4577,0.0662636
0.0919821,62.5501,0.092464
0.092,62.5625,0.012401
0.092,62.5625,1.2945e-06
0.0920179,62.6288,0.0662636
0.0922321,62.7213,0.092464
0.09225,62.7337,0.012401
0.09225,62.7337,1.2945e-06
0.0922679,62.7999,0.0662636
0.0924821,62.8924,0.092464
0.0925,62.9048,0.012401
0.0925,62.9048,1.2945e-06
0.0925179,62.9711,0.0662636
0.0927321,63.0635,0.092464
0.09275,63.0759,0.012401
0.09275,63.0759,1.2945e-06
0.0927679,63.1422,0.0662636
0.0929821,63.2347,0.092464
0.093,63.2471,0.012401
0.093,63.2471,1.2945e-06
0.0930179,63.3133,0.0662636
0.0932321,63.4058,0.092464
0.09325,63.4182,0.012401
0.09325,63.4182,1.2945e-06
0.0932679,63.4844,0.0662636
0.0934821,63.5769,0.092464
0.0935,63.5893,0.012401
0.0935,63.5893,1.2945e-06
0.0935179,63.6556,0.0662636
0.0937321,63.748,0.092464
0.09375,63.7604,0.012401
0.09375,63.7604,1.2945e-06
0.0937679,63.8267,0.0662636
0.0939821,63.9192,0.092464
0.094,63.9316,0.012401
0.094,63.9316,1.2945e-06
0.0940179,63.9978,0.0662636
0.0942321,64.0903,0.092464
0.09425,64.1027,0.012401
0.09425,64.1027,1.2945e-06
0.0942679,64.169,0.0662636
0.0944821,64.2614,0.092464
0.0945,64.2738,0.012401
0.0945,64.2738,1.2945e-06
0.0945179,64.3401,0.0662636
0.0947321,64.4326,0.092464
0.09475,64.445,0.012401
0.09475,64.445,1.2945e-06
0.0947679,64.5112,0.0662636
0.0949821,64.6037,0.092464
0.095,64.6161,0.012401
0.095,64.6161,1.2945e-06
0.0950179,64.6824,0.0662636
0.0952321,64.7748,0.092464
0.09525,64.7872,0.012401
0.09525,64.7872,1.2945e-06
0.0952679,64.8535,0.0662636
0.0954821,64.946,0.092464
0.0955,64.9584,0.012401
0.0955,64.9584,1.2945e-06
0.0955179,65.0246,0.0662636
0.0957321,65.1171,0.092464
0.09575,65.1295,0.012401
0.09575,65.1295,1.2945e-06
0.0957679,65.1957,0.0662636
0.0959821,65.2882,0.092464
0.096,65.3006,0.012401
0.096,65.3006,1.2945e-06
0.0960179,65.3669,0.0662636
0.0962321,65.4593,0.092464
0.09625,65.4717,0.012401
0.09625,65.4717,1.2945e-06
0.0962679,65.538,0.0662636
0.0964821,65.6305,0.092464
0.0965,65.6429,0.012401
0.0965,65.6429,1.2945e-06
0.0965179,65.7091,0.0662636
0.0967321,65.8016,0.092464
0.09675,65.814,0.012401
0.09675,65.814,1.2945e-06
0.0967679,65.8803,0.0662636
0.0969821,65.9727,0.092464
0.097,65.9851,0.012401
0.097,65.9851,1.2945e-06
0.0970179,66.0514,0.0662636
0.0972321,66.1439,0.092464
0.09725,66.1563,0.012401
0.09725,66.1563,1.2945e-06
0.0972679,66.2225,0.0662636
0.0974821,66.315,0.092464
0.0975,66.3274,0.012401
0.0975,66.3274,1.2945e-06
0.0975179,66.3937,0.0662636
0.0977321,66.4861,0.092464
0.09775,66.4985,0.012401
0.09775,66.4985,1.2945e-06
0.0977679,66.5648,0.0662636
0.0979821,66.6573,0.092464
0.098,66.6697,0.012401
0.098,66.6697,1.2945e-06
0.0980179,66.7359,0.0662636
0.0982321,66.8284,0.092464
0.09825,66.8408,0.012401
0.09825,66.8408,1.2945e-06
0.0982679,66.907,0.0662636
0.0984821,66.9995,0.092464
0.0985,67.0119,0.012401
0.0985,67.0119,1.2945e-06
0.0985179,67.0782,0.0662636
0.0987321,67.1706,0.092464
0.09875,67.183,0.012401
0.09875,67.183,1.2945e-06
0.0987679,67.2493,0.0662636
0.0989821,67.3418,0.092464
0.099,67.3542,0.012401
0.099,67.3542,1.2945e-06
0.0990179,67.4204,0.0662636
0.0992321,67.5129,0.092464
0.09925,67.5253,0.012401
0.09925,67.5253,1.2945e-06
0.0992679,67.5916,0.0662636
0.0994821,67.684,0.092464
0.0995,67.6964,0.012401
0.0995,67.6964,1.2945e-06
0.0995179,67.7627,0.0662636
0.0997321,67.8552,0.092464
0.09975,67.8676,0.012401
0.09975,67.8676,1.2945e-06
0.0997679,67.9338,0.0662636
0.0999821,68.0263,0.092464
0.1,68.0387,0.012401
0.1,68.0387,1.2945e-06
0.100018,68.105,0.0662636
0.100232,68.1974,0.092464
0.10025,68.2098,0.012401
0.10025,68.2098,1.2945e-06
0.100268,68.2761,0.0662636
0.100482,68.3686,0.092464
0.1005,68.381,0.012401
0.1005,68.381,1.2945e-06
0.100518,68.4472,0.0662636
0.100732,68.5397,0.092464
0.10075,68.5521,0.012401
0.10075,68.5521,1.2945e-06
0.100768,68.6183,0.0662636
0.100982,68.7108,0.092464
0.101,68.7232,0.012401
0.101,68.7232,1.2945e-06
0.101018,68.7895,0.0662636
0.101232,68.8819,0.092464
0.10125,68.8943,0.012401
0.10125,68.8943,1.2945e-06
0.101268,68.9606,0.0662636
0.101482,69.0531,0.092464
0.1015,69.0655,0.012401
0.1015,69.0655,1.2945e-06
0.101518,69.1317,0.0662636
0.101732,69.2242,0.092464
0.10175,69.2366,0.012401
0.10175,69.2366,1.2945e-06
0.101768,69.3029,0.0662636
0.101982,69.3953,0.092464
0.102,69.4077,0.012401
0.102,69.4077,1.2945e-06
0.102018,69.474,0.0662636
0.102232,69.5665,0.092464
0.10225,69.5789,0.012401
0.10225,69.5789,1.2945e-06
0.102268,69.6451,0.0662636
0.102482,69.7376,0.092464
0.1025,69.75,0.012401
0.1025,69.75,1.2945e-06
0.102518,69.8163,0.0662636
0.102732,69.9087,0.092464
0.10275,69.9211,0.012401
0.10275,69.9211,1.2945e-06
0.102768,69.9874,0.0662636
0.102982,70.0798,0.092464
0.103,70.0923,0.012401
0.103,70.0923,1.2945e-06
0.103018,70.1585,0.0662636
0.103232,70.251,0.092464
0.10325,70.2634,0.012401
0.10325,70.2634,1.2945e-06
0.103268,70.3296,0.0662636
0.103482,70.4221,0.092464
0.1035,70.4345,0.012401
0.1035,70.4345,1.2945e-06
0.103518,70.5008,0.0662636
0.103732,70.5932,0.092464
0.10375,70.6056,0.012401
0.10375,70.6056,1.2945e-06
0.103768,70.6719,0.0662636
0.103982,70.7644,0.092464
0.104,70.7768,0.012401
0.104,70.7768,1.2945e-06
0.104018,70.843,0.0662636
0.104232,70.9355,0.092464
0.10425,70.9479,0.012401
0.10425,70.9479,1.2945e-06
0.104268,71.0142,0.0662636
0.104482,71.1066,0.092464
0.1045,71.119,0.012401
0.1045,71.119,1.2945e-06
0.104518,71.1853,0.0662636
0.104732,71.2778,0.092464
0.10475,71.2902,0.012401
0.10475,71.2902,1.2945e-06
0.104768,71.3564,0.0662636
0.104982,71.4489,0.092464
0.105,71.4613,0.012401
0.105,71.4613,1.2945e-06
0.105018,71.5276,0.0662636
0.105232,71.62,0.092464
0.10525,71.6324,0.012401
0.10525,71.6324,1.2945e-06
0.105268,71.6987,0.0662636
0.105482,71.7911,0.092464
0.1055,71.8035,0.012401
0.1055,71.8036,1.2945e-06
0.105518,71.8698,0.0662636
0.105732,71.9623,0.092464
0.10575,71.9747,0.012401
0.10575,71.9747,1.2945e-06
0.105768,72.0409,0.0662636
0.105982,72.1334,0.092464
0.106,72.1458,0.012401
0.106,72.1458,1.2945e-06
0.106018,72.2121,0.0662636
0.106232,72.3045,0.092464
0.10625,72.3169,0.012401
0.10625,72.3169,1.2945e-06
0.106268,72.3832,0.0662636
0.106482,72.4757,0.092464
0.1065,72.4881,0.012401
0.1065,72.4881,1.2945e-06
0.106518,72.5543,0.0662636
0.106732,72.6468,0.092464
0.10675,72.6592,0.012401
0.10675,72.6592,1.2945e-06
0.106768,72.7255,0.0662636
0.106982,72.8179,0.092464
0.107,72.8303,0.012401
0.107,72.8303,1.2945e-06
0.107018,72.8966,0.0662636
0.107232,72.9891,0.092464
0.10725,73.0015,0.012401
0.10725,73.0015,1.2945e-06
0.107268,73.0677,0.0662636
0.107482,73.1602,0.092464
0.1075,73.1726,0.012401
0.1075,73.1726,1.2945e-06
0.107518,73.2389,0.0662636
0.107732,73.3313,0.092464
0.10775,73.3437,0.012401
0.10775,73.3437,1.2945e-06
0.107768,73.41,0.0662636
0.107982,73.5024,0.092464
0.108,73.5148,0.012401
0.108,73.5148,1.2945e-06
0.108018,73.5811,0.0662636
0.108232,73.6736,0.092464
0.10825,73.686,0.012401
0.10825,73.686,1.2945e-06
0.108268,73.7522,0.0662636
0.108482,73.8447,0.092464
0.1085,73.8571,0.012401
0.1085,73.8571,1.2945e-06
0.108518,73.9234,0.0662636
0.108732,74.0158,0.092464
0.10875,74.0282,0.012401
0.10875,74.0282,1.2945e-06
0.108768,74.0945,0.0662636
0.108982,74.187,0.092464
0.109,74.1994,0.012401
0.109,74.1994,1.2945e-06
0.109018,74.2656,0.0662636
0.109232,74.3581,0.092464
0.10925,74.3705,0.012401
0.10925,74.3705,1.2945e-06
0.109268,74.4368,0.0662636
0.109482,74.5292,0.092464
0.1095,74.5416,0.012401
0.1095,74.5416,1.2945e-06
0.109518,74.6079,0.0662636
0.109732,74.7004,0.092464
0.10975,74.7128,0.012401
0.10975,74.7128,1.2945e-06
0.109768,74.779,0.0662636
0.109982,74.8715,0.092464
0.11,74.8839,0.012401
0.11,74.8839,1.2945e-06
0.110018,74.9502,0.0662636
0.110232,75.0426,0.092464
0.11025,75.055,0.012401
0.11025,75.055,1.2945e-06
0.110268,75.1213,0.0662636
0.110482,75.2137,0.092464
0.1105,75.2261,0.012401
0.1105,75.2261,1.2945e-06
0.110518,75.2924,0.0662636
0.110732,75.3849,0.092464
0.11075,75.3973,0.012401
0.11075,75.3973,1.2945e-06
0.110768,75.4635,0.0662636
0.110982,75.556,0.092464
0.111,75.5684,0.012401
0.111,75.5684,1.2945e-06
0.111018,75.6347,0.0662636
0.111232,75.7271,0.092464
0.11125,75.7395,0.012401
0.11125,75.7395,1.2945e-06
0.111268,75.8058,0.0662636
0.111482,75.8983,0.092464
0.1115,75.9107,0.012401
0.1115,75.9107,1.2945e-06
0.111518,75.9769,0.0662636
0.111732,76.0694,0.092464
0.11175,76.0818,0.012401
0.11175,76.0818,1.2945e-06
0.111768,76.1481,0.0662636
0.111982,76.2405,0.092464
0.112,76.2529,0.012401
0.112,76.2529,1.2945e-06
0.112018,76.3192,0.0662636
0.112232,76.4117,0.092464
0.11225,76.4241,0.012401
0.11225,76.4241,1.2945e-06
0.112268,76.4903,0.0662636
0.112482,76.5828,0.092464
0.1125,76.5952,0.012401
0.1125,76.5952,1.2945e-06
0.112518,76.6615,0.0662636
0.112732,76.7539,0.092464
0.11275,76.7663,0.012401
0.11275,76.7663,1.2945e-06
0.112768,76.8326,0.0662636
0.112768,76.8326,8.63e-07
0.112982,77.6278,0.795201
0.112982,77.6278,4.315e-07
0.113,77.6402,0.012401
0.113,77.6402,1.2945e-06
0.113018,77.7064,0.0662636
0.113018,77.7064,8.63e-07
0.113232,78.5016,0.795201
0.113232,78.5016,4.315e-07
0.11325,78.5141,0.012401
0.11325,78.5141,1.2945e-06
0.113268,78.5803,0.0662636
0.113268,78.5803,8.63e-07
0.113482,79.3755,0.795201
0.113482,79.3755,4.315e-07
0.1135,79.3879,0.012401
0.1135,79.3879,1.2945e-06
0.113518,79.4542,0.0662636
0.113518,79.4542,8.63e-07
0.113554,79.5867,0.132527
0.113732,79.6638,0.0770534
0.11375,79.6762,0.012401
0.11375,79.6762,1.2945e-06
0.113768,79.7424,0.0662636
0.113768,79.7424,8.63e-07
0.113804,79.875,0.132527
0.113982,79.952,0.0770534
0.114,79.9644,0.012401
0.114,79.9644,1.2945e-06
0.114018,80.0307,0.0662636
0.114232,80.1231,0.092464
0.11425,80.1355,0.012401
0.11425,80.1355,1.2945e-06
0.114268,80.2018,0.0662636
0.114268,80.2018,8.63e-07
0.114304,80.3343,0.132527
0.114482,80.4114,0.0770534
0.1145,80.4238,0.012401
0.1145,80.4238,1.2945e-06
0.114518,80.4901,0.0662636
0.114732,80.5825,0.092464
0.11475,80.5949,0.012401
0.11475,80.5949,1.2945e-06
0.114768,80.6612,0.0662636
0.114768,80.6612,8.63e-07
0.114804,80.7937,0.132527
0.114982,80.8708,0.0770534
0.115,80.8832,0.012401
0.115,80.8832,1.2945e-06
0.115018,80.9494,0.0662636
0.115232,81.0419,0.092464
0.11525,81.0543,0.012401
0.11525,81.0543,1.2945e-06
0.115268,81.1206,0.0662636
0.115268,81.1206,8.63e-07
0.115304,81.2531,0.132527
0.115482,81.3301,0.0770534
0.1155,81.3425,0.012401
0.1155,81.3425,1.2945e-06
0.115518,81.4088,0.0662636
0.115732,81.5013,0.092464
0.11575,81.5137,0.012401
0.11575,81.5137,1.2945e-06
0.115768,81.5799,0.0662636
0.115768,81.5799,8.63e-07
0.115804,81.7125,0.132527
0.115982,81.7895,0.0770534
0.116,81.8019,0.012401
0.116,81.8019,1.2945e-06
0.116018,81.8682,0.0662636
0.116232,81.9607,0.092464
0.11625,81.9731,0.012401
0.11625,81.9731,1.2945e-06
0.116268,82.0393,0.0662636
0.116268,82.0393,8.63e-07
0.116304,82.1718,0.132527
0.116482,82.2489,0.0770534
0.1165,82.2613,0.012401
0.1165,82.2613,1.2945e-06
0.116518,82.3276,0.0662636
0.116732,82.42,0.092464
0.11675,82.4324,0.012401
0.11675,82.4324,1.2945e-06
0.116768,82.4987,0.0662636
0.116768,82.4987,8.63e-07
0.116804,82.6312,0.132527
0.116982,82.7083,0.0770534
0.117,82.7207,0.012401
0.117,82.7207,1.2945e-06
0.117018,82.7869,0.0662636
0.117232,82.8794,0.092464
0.11725,82.8918,0.012401
0.11725,82.8918,1.2945e-06
0.117268,82.9581,0.0662636
0.117268,82.9581,8.63e-07
0.117304,83.0906,0.132527
0.117482,83.1677,0.0770534
0.1175,83.1801,0.012401
0.1175,83.1801,1.2945e-06
0.117518,83.2463,0.0662636
0.117732,83.3388,0.092464
0.11775,83.3512,0.012401
0.11775,83.3512,1.2945e-06
0.117768,83.4174,0.0662636
0.117768,83.4174,8.63e-07
0.117804,83.55,0.132527
0.117982,83.627,0.0770534
0.118,83.6394,0.012401
0.118,83.6394,1.2945e-06
0.118018,83.7057,0.0662636
0.118232,83.7982,0.092464
0.11825,83.8106,0.012401
0.11825,83.8106,1.2945e-06
0.118268,83.8768,0.0662636
0.118268,83.8768,8.63e-07
0.118304,84.0094,0.132527
0.118482,84.0864,0.0770534
0.1185,84.0988,0.012401
0.1185,84.0988,1.2945e-06
0.118518,84.1651,0.0662636
0.118732,84.2575,0.092464
0.11875,84.2699,0.012401
0.11875,84.2699,1.2945e-06
0.118768,84.3362,0.0662636
0.118768,84.3362,8.63e-07
0.118804,84.4687,0.132527
0.118982,84.5458,0.0770534
0.119,84.5582,0.012401
0.119,84.5582,1.2945e-06
0.119018,84.6245,0.0662636
0.119232,84.7169,0.092464
0.11925,84.7293,0.012401
0.11925,84.7293,1.2945e-06
0.119268,84.7956,0.0662636
0.119268,84.7956,8.63e-07
0.119304,84.9281,0.132527
0.119482,85.0052,0.0770534
0.1195,85.0176,0.012401
0.1195,85.0176,1.2945e-06
0.119518,85.0838,0.0662636
0.119732,85.1763,0.092464
0.11975,85.1887,0.012401
0.11975,85.1887,1.2945e-06
0.119768,85.255,0.0662636
0.119768,85.255,8.63e-07
0.119804,85.3875,0.132527
0.119982,85.4645,0.0770534
0.12,85.4769,0.012401
0.12,85.4769,1.2945e-06
0.120018,85.5432,0.0662636
0.120232,85.6357,0.092464
0.12025,85.6481,0.012401
0.12025,85.6481,1.2945e-06
0.120268,85.7143,0.0662636
0.120268,85.7143,8.63e-07
0.120304,85.8469,0.132527
0.120482,85.9239,0.0770534
0.1205,85.9363,0.012401
0.1205,85.9363,1.2945e-06
0.120518,86.0026,0.0662636
0.120732,86.095,0.092464
0.12075,86.1074,0.012401
0.12075,86.1074,1.2945e-06
0.120768,86.1737,0.0662636
0.120768,86.1737,8.63e-07
0.120804,86.3062,0.132527
0.120982,86.3833,0.0770534
0.121,86.3957,0.012401
0.121,86.3957,1.2945e-06
0.121018,86.462,0.0662636
0.121232,86.5544,0.092464
0.12125,86.5668,0.012401
0.12125,86.5668,1.2945e-06
0.121268,86.6331,0.0662636
0.121268,86.6331,8.63e-07
0.121304,86.7656,0.132527
0.121482,86.8427,0.0770534
0.1215,86.8551,0.012401
0.1215,86.8551,1.2945e-06
0.121518,86.9213,0.0662636
0.121732,87.0138,0.092464
0.12175,87.0262,0.012401
0.12175,87.0262,1.2945e-06
0.121768,87.0925,0.0662636
0.121768,87.0925,8.63e-07
0.121804,87.225,0.132527
0.121982,87.302,0.0770534
0.122,87.3144,0.012401
0.122,87.3145,1.2945e-06
0.122018,87.3807,0.0662636
0.122232,87.4732,0.092464
0.12225,87.4856,0.012401
0.12225,87.4856,1.2945e-06
0.122268,87.5518,0.0662636
0.122268,87.5518,8.63e-07
0.122304,87.6844,0.132527
0.122482,87.7614,0.0770534
0.1225,87.7738,0.012401
0.1225,87.7738,1.2945e-06
0.122518,87.8401,0.0662636
0.122732,87.9326,0.092464
0.12275,87.945,0.012401
0.12275,87.945,1.2945e-06
0.122768,88.0112,0.0662636
0.122768,88.0112,8.63e-07
0.122804,88.1437,0.132527
0.122982,88.2208,0.0770534
0.123,88.2332,0.012401
0.123,88.2332,1.2945e-06
0.123018,88.2995,0.0662636
0.123232,88.3919,0.092464
0.12325,88.4043,0.012401
0.12325,88.4043,1.2945e-06
0.123268,88.4706,0.0662636
0.123268,88.4706,8.63e-07
0.123304,88.6031,0.132527
0.123482,88.6802,0.0770534
0.1235,88.6926,0.012401
0.1235,88.6926,1.2945e-06
0.123518,88.7588,0.0662636
0.123732,88.8513,0.092464
0.12375,88.8637,0.012401
0.12375,88.8637,1.2945e-06
0.123768,88.93,0.0662636
0.123768,88.93,8.63e-07
0.123804,89.0625,0.132527
0.123982,89.1396,0.0770534
0.124,89.152,0.012401
0.124,89.152,1.2945e-06
0.124018,89.2182,0.0662636
0.124232,89.3107,0.092464
0.12425,89.3231,0.012401
0.12425,89.3231,1.2945e-06
0.124268,89.3894,0.0662636
0.124268,89.3894,8.63e-07
0.124304,89.5219,0.132527
0.124482,89.5989,0.0770534
0.1245,89.6113,0.012401
0.1245,89.6113,1.2945e-06
0.124518,89.6776,0.0662636
0.124732,89.7701,0.092464
0.12475,89.7825,0.012401
0.12475,89.7825,1.2945e-06
0.124768,89.8487,0.0662636
0.124768,89.8487,8.63e-07
0.124804,89.9813,0.132527
0.124982,90.0583,0.0770534
0.125,90.0707,0.012401
0.125,90.0707,1.2945e-06
0.125018,90.137,0.0662636
0.125232,90.2294,0.092464
0.12525,90.2418,0.012401
0.12525,90.2418,1.2945e-06
0.125268,90.3081,0.0662636
0.125268,90.3081,8.63e-07
0.125304,90.4406,0.132527
0.125482,90.5177,0.0770534
0.1255,90.5301,0.012401
0.1255,90.5301,1.2945e-06
0.125518,90.5964,0.0662636
0.125732,90.6888,0.092464
0.12575,90.7012,0.012401
0.12575,90.7012,1.2945e-06
0.125768,90.7675,0.0662636
0.125768,90.7675,8.63e-07
0.125804,90.9,0.132527
0.125982,90.9771,0.0770534
0.126,90.9895,0.012401
0.126,90.9895,1.2945e-06
0.126018,91.0557,0.0662636
0.126232,91.1482,0.092464
0.12625,91.1606,0.012401
0.12625,91.1606,1.2945e-06
0.126268,91.2269,0.0662636
0.126268,91.2269,8.63e-07
0.126304,91.3594,0.132527
0.126482,91.4364,0.0770534
0.1265,91.4488,0.012401
0.1265,91.4488,1.2945e-06
0.126518,91.5151,0.0662636
0.126732,91.6076,0.092464
0.12675,91.62,0.012401
0.12675,91.62,1.2945e-06
0.126768,91.6862,0.0662636
0.126768,91.6862,8.63e-07
0.126804,91.8188,0.132527
0.126982,91.8958,0.0770534
0.127,91.9082,0.012401
0.127,91.9082,1.2945e-06
0.127018,91.9745,0.0662636
0.127232,92.067,0.092464
0.12725,92.0794,0.012401
0.12725,92.0794,1.2945e-06
0.127268,92.1456,0.0662636
0.127268,92.1456,8.63e-07
0.127304,92.2781,0.132527
0.127482,92.3552,0.0770534
0.1275,92.3676,0.012401
0.1275,92.3676,1.2945e-06
0.127518,92.4339,0.0662636
0.127732,92.5263,0.092464
0.12775,92.5387,0.012401
0.12775,92.5387,1.2945e-06
0.127768,92.605,0.0662636
0.127768,92.605,8.63e-07
0.127804,92.7375,0.132527
0.127982,92.8146,0.0770534
0.128,92.827,0.012401
0.128,92.827,1.2945e-06
0.128018,92.8932,0.0662636
0.128232,92.9857,0.092464
0.12825,92.9981,0.012401
0.12825,92.9981,1.2945e-06
0.128268,93.0644,0.0662636
0.128268,93.0644,8.63e-07
0.128304,93.1969,0.132527
0.128482,93.274,0.0770534
0.1285,93.2864,0.012401
0.1285,93.2864,1.2945e-06
0.128518,93.3526,0.0662636
0.128732,93.4451,0.092464
0.12875,93.4575,0.012401
0.12875,93.4575,1.2945e-06
0.128768,93.5237,0.0662636
0.128768,93.5237,8.63e-07
0.128804,93.6563,0.132527
0.128982,93.7333,0.0770534
0.129,93.7457,0.012401
0.129,93.7457,1.2945e-06
0.129018,93.812,0.0662636
0.129232,93.9045,0.092464
0.12925,93.9169,0.012401
0.12925,93.9169,1.2945e-06
0.129268,93.9831,0.0662636
0.129268,93.9831,8.63e-07
0.129304,94.1157,0.132527
0.129482,94.1927,0.0770534
0.1295,94.2051,0.012401
0.1295,94.2051,1.2945e-06
0.129518,94.2714,0.0662636
0.129732,94.3638,0.092464
0.12975,94.3762,0.012401
0.12975,94.3762,1.2945e-06
0.129768,94.4425,0.0662636
0.129768,94.4425,8.63e-07
0.129804,94.575,0.132527
0.129982,94.6521,0.0770534
0.13,94.6645,0.012401
0.13,94.6645,1.2945e-06
0.130018,94.7308,0.0662636
0.130232,94.8232,0.092464
0.13025,94.8356,0.012401
0.13025,94.8356,1.2945e-06
0.130268,94.9019,0.0662636
0.130268,94.9019,8.63e-07
0.130304,95.0344,0.132527
0.130482,95.1115,0.0770534
0.1305,95.1239,0.012401
0.1305,95.1239,1.2945e-06
0.130518,95.1901,0.0662636
0.130732,95.2826,0.092464
0.13075,95.295,0.012401
0.13075,95.295,1.2945e-06
0.130768,95.3613,0.0662636
0.130768,95.3613,8.63e-07
0.130804,95.4938,0.132527
0.130982,95.5708,0.0770534
0.131,95.5832,0.012401
0.131,95.5832,1.2945e-06
0.131018,95.6495,0.0662636
0.131232,95.742,0.092464
0.13125,95.7544,0.012401
0.13125,95.7544,1.2945e-06
0.131268,95.8206,0.0662636
0.131268,95.8206,8.63e-07
0.131304,95.9532,0.132527
0.131482,96.0302,0.0770534
0.1315,96.0426,0.012401
0.1315,96.0426,1.2945e-06
0.131518,96.1089,0.0662636
0.131732,96.2013,0.092464
0.13175,96.2137,0.012401
0.13175,96.2137,1.2945e-06
0.131768,96.28,0.0662636
0.131768,96.28,8.63e-07
0.131804,96.4125,0.132527
0.131982,96.4896,0.0770534
0.132,96.502,0.012401
0.132,96.502,1.2945e-06
0.132018,96.5683,0.0662636
0.132232,96.6607,0.092464
0.13225,96.6731,0.012401
0.13225,96.6731,1.2945e-06
0.132268,96.7394,0.0662636
0.132268,96.7394,8.63e-07
0.132304,96.8719,0.132527
0.132482,96.949,0.0770534
0.1325,96.9614,0.012401
0.1325,96.9614,1.2945e-06
0.132518,97.0276,0.0662636
0.132732,97.1201,0.092464
0.13275,97.1325,0.012401
0.13275,97.1325,1.2945e-06
0.132768,97.1988,0.0662636
0.132768,97.1988,8.63e-07
0.132804,97.3313,0.132527
0.132982,97.4083,0.0770534
0.133,97.4207,0.012401
0.133,97.4208,1.2945e-06
0.133018,97.487,0.0662636
0.133232,97.5795,0.092464
0.13325,97.5919,0.012401
0.13325,97.5919,1.2945e-06
0.133268,97.6581,0.0662636
0.133268,97.6581,8.63e-07
0.133304,97.7907,0.132527
0.133482,97.8677,0.0770534
0.1335,97.8801,0.012401
0.1335,97.8801,1.2945e-06
0.133518,97.9464,0.0662636
0.133732,98.0389,0.092464
0.13375,98.0513,0.012401
0.13375,98.0513,1.2945e-06
0.133768,98.1175,0.0662636
0.133768,98.1175,8.63e-07
0.133804,98.25,0.132527
0.133982,98.3271,0.0770534
0.134,98.3395,0.012401
0.134,98.3395,1.2945e-06
0.134018,98.4058,0.0662636
0.134232,98.4982,0.092464
0.13425,98.5106,0.012401
0.13425,98.5106,1.2945e-06
0.134268,98.5769,0.0662636
0.134268,98.5769,8.63e-07
0.134304,98.7094,0.132527
0.134482,98.7865,0.0770534
0.1345,98.7989,0.012401
0.1345,98.7989,1.2945e-06
0.134518,98.8651,0.0662636
0.134732,98.9576,0.092464
0.13475,98.97,0.012401
0.13475,98.97,1.2945e-06
0.134768,99.0363,0.0662636
0.134768,99.0363,8.63e-07
0.134804,99.1688,0.132527
0.134982,99.2459,0.0770534
0.135,99.2583,0.012401
0.135,99.2583,1.2945e-06
0.135018,99.3245,0.0662636
0.135232,99.417,0.092464
0.13525,99.4294,0.012401
0.13525,99.4294,1.2945e-06
0.135268,99.4957,0.0662636
0.135268,99.4957,8.63e-07
0.135304,99.6282,0.132527
0.135482,99.7052,0.0770534
0.1355,99.7176,0.012401
0.1355,99.7176,1.2945e-06
0.135518,99.7839,0.0662636
0.135732,99.8764,0.092464
0.13575,99.8888,0.012401
0.13575,99.8888,1.2945e-06
0.135768,99.955,0.0662636
0.135768,99.955,8.63e-07
0.135804,100.088,0.132527
0.135982,100.165,0.0770534
0.136,100.177,0.012401
0.136,100.177,1.2945e-06
0.136018,100.243,0.0662636
0.136232,100.336,0.092464
0.13625,100.348,0.012401
0.13625,100.348,1.2945e-06
0.136268,100.414,0.0662636
0.136268,100.414,8.63e-07
0.136304,100.547,0.132527
0.136482,100.624,0.0770534
0.1365,100.636,0.012401
0.1365,100.636,1.2945e-06
0.136518,100.703,0.0662636
0.136732,100.795,0.092464
0.13675,100.808,0.012401
0.13675,100.808,1.2945e-06
0.136768,100.874,0.0662636
0.136768,100.874,8.63e-07
0.136804,101.006,0.132527
0.136982,101.083,0.0770534
0.137,101.096,0.012401
0.137,101.096,1.2945e-06
0.137018,101.162,0.0662636
0.137232,101.254,0.092464
0.13725,101.267,0.012401
0.13725,101.267,1.2945e-06
0.137268,101.333,0.0662636
0.137268,101.333,8.63e-07
0.137304,101.466,0.132527
0.137482,101.543,0.0770534
0.1375,101.555,0.012401
0.1375,101.555,1.2945e-06
0.137518,101.621,0.0662636
0.137732,101.714,0.092464
0.13775,101.726,0.012401
0.13775,101.726,1.2945e-06
0.137768,101.793,0.0662636
0.137768,101.793,8.63e-07
0.137804,101.925,0.132527
0.137982,102.002,0.0770534
0.138,102.015,0.012401
0.138,102.015,1.2945e-06
0.138018,102.081,0.0662636
0.138232,102.173,0.092464
0.13825,102.186,0.012401
0.13825,102.186,1.2945e-06
0.138268,102.252,0.0662636
0.138268,102.252,8.63e-07
0.138304,102.384,0.132527
0.138482,102.461,0.0770534
0.1385,102.474,0.012401
0.1385,102.474,1.2945e-06
0.138518,102.54,0.0662636
0.138732,102.633,0.092464
0.13875,102.645,0.012401
0.13875,102.645,1.2945e-06
0.138768,102.711,0.0662636
0.138768,102.711,8.63e-07
0.138804,102.844,0.132527
0.138982,102.921,0.0770534
0.139,102.933,0.012401
0.139,102.933,1.2945e-06
0.139018,103,0.0662636
0.139232,103.092,0.092464
0.13925,103.104,0.012401
0.13925,103.104,1.2945e-06
0.139268,103.171,0.0662636
0.139268,103.171,8.63e-07
0.139304,103.303,0.132527
0.139482,103.38,0.0770534
0.1395,103.393,0.012401
0.1395,103.393,1.2945e-06
0.139518,103.459,0.0662636
0.139732,103.551,0.092464
0.13975,103.564,0.012401
0.13975,103.564,1.2945e-06
0.139768,103.63,0.0662636
0.139768,103.63,8.63e-07
0.139804,103.763,0.132527
0.139982,103.84,0.0770534
0.14,103.852,0.012401
0.14,103.852,1.2945e-06
0.140018,103.918,0.0662636
0.140232,104.011,0.092464
0.14025,104.023,0.012401
0.14025,104.023,1.2945e-06
0.140268,104.089,0.0662636
0.140268,104.089,8.63e-07
0.140304,104.222,0.132527
0.140482,104.299,0.0770534
0.1405,104.311,0.012401
0.1405,104.311,1.2945e-06
0.140518,104.378,0.0662636
0.140732,104.47,0.092464
0.14075,104.483,0.012401
0.14075,104.483,1.2945e-06
0.140768,104.549,0.0662636
0.140768,104.549,8.63e-07
0.140804,104.681,0.132527
0.140982,104.758,0.0770534
0.141,104.771,0.012401
0.141,104.771,1.2945e-06
0.141018,104.837,0.0662636
0.141232,104.93,0.092464
0.14125,104.942,0.012401
0.14125,104.942,1.2945e-06
0.141268,105.008,0.0662636
0.141268,105.008,8.63e-07
0.141304,105.141,0.132527
0.141482,105.218,0.0770534
0.1415,105.23,0.012401
0.1415,105.23,1.2945e-06
0.141518,105.296,0.0662636
0.141732,105.389,0.092464
0.14175,105.401,0.012401
0.14175,105.401,1.2945e-06
0.141768,105.468,0.0662636
0.141768,105.468,8.63e-07
0.141804,105.6,0.132527
0.141982,105.677,0.0770534
0.142,105.69,0.012401
0.142,105.69,1.2945e-06
0.142018,105.756,0.0662636
0.142232,105.848,0.092464
0.14225,105.861,0.012401
0.14225,105.861,1.2945e-06
0.142268,105.927,0.0662636
0.142268,105.927,8.63e-07
0.142304,106.059,0.132527
0.142482,106.137,0.0770534
0.1425,106.149,0.012401
0.1425,106.149,1.2945e-06
0.142518,106.215,0.0662636
0.142732,106.308,0.092464
0.14275,106.32,0.012401
0.14275,106.32,1.2945e-06
0.142768,106.386,0.0662636
0.142768,106.386,8.63e-07
0.142804,106.519,0.132527
0.142982,106.596,0.0770534
0.143,106.608,0.012401
0.143,106.608,1.2945e-06
0.143018,106.675,0.0662636
0.143232,106.767,0.092464
0.14325,106.779,0.012401
0.14325,106.779,1.2945e-06
0.143268,106.846,0.0662636
0.143268,106.846,8.63e-07
0.143304,106.978,0.132527
0.143482,107.055,0.0770534
0.1435,107.068,0.012401
0.1435,107.068,1.2945e-06
0.143518,107.134,0.0662636
0.143732,107.226,0.092464
0.14375,107.239,0.012401
0.14375,107.239,1.2945e-06
0.143768,107.305,0.0662636
0.143768,107.305,8.63e-07
0.143804,107.438,0.132527
0.143982,107.515,0.0770534
0.144,107.527,0.012401
0.144,107.527,1.2945e-06
0.144018,107.593,0.0662636
0.144232,107.686,0.092464
0.14425,107.698,0.012401
0.14425,107.698,1.2945e-06
0.144268,107.764,0.0662636
0.144268,107.764,8.63e-07
0.144304,107.897,0.132527
0.144482,107.974,0.0770534
0.1445,107.986,0.012401
0.1445,107.986,1.2945e-06
0.144518,108.053,0.0662636
0.144732,108.145,0.092464
0.14475,108.158,0.012401
0.14475,108.158,1.2945e-06
0.144768,108.224,0.0662636
0.144768,108.224,8.63e-07
0.144804,108.356,0.132527
0.144982,108.433,0.0770534
0.145,108.446,0.012401
0.145,108.446,1.2945e-06
0.145018,108.512,0.0662636
0.145232,108.605,0.092464
0.14525,108.617,0.012401
0.14525,108.617,1.2945e-06
0.145268,108.683,0.0662636
0.145268,108.683,8.63e-07
0.145304,108.816,0.132527
0.145482,108.893,0.0770534
0.1455,108.905,0.012401
0.1455,108.905,1.2945e-06
0.145518,108.971,0.0662636
0.145732,109.064,0.092464
0.14575,109.076,0.012401
0.14575,109.076,1.2945e-06
0.145768,109.143,0.0662636
0.145768,109.143,8.63e-07
0.145804,109.275,0.132527
0.145982,109.352,0.0770534
0.146,109.365,0.012401
0.146,109.365,1.2945e-06
0.146018,109.431,0.0662636
0.146232,109.523,0.092464
0.14625,109.536,0.012401
0.14625,109.536,1.2945e-06
0.146268,109.602,0.0662636
0.146268,109.602,8.63e-07
0.146304,109.734,0.132527
0.146482,109.812,0.0770534
0.1465,109.824,0.012401
0.1465,109.824,1.2945e-06
0.146518,109.89,0.0662636
0.146732,109.983,0.092464
0.14675,109.995,0.012401
0.14675,109.995,1.2945e-06
0.146768,110.061,0.0662636
0.146768,110.061,8.63e-07
0.146804,110.194,0.132527
0.146982,110.271,0.0770534
0.147,110.283,0.012401
0.147,110.283,1.2945e-06
0.147018,110.35,0.0662636
0.147232,110.442,0.092464
0.14725,110.454,0.012401
0.14725,110.454,1.2945e-06
0.147268,110.521,0.0662636
0.147268,110.521,8.63e-07
0.147304,110.653,0.132527
0.147482,110.73,0.0770534
0.1475,110.743,0.012401
0.1475,110.743,1.2945e-06
0.147518,110.809,0.0662636
0.147732,110.901,0.092464
0.14775,110.914,0.012401
0.14775,110.914,1.2945e-06
0.147768,110.98,0.0662636
0.147768,110.98,8.63e-07
0.147804,111.113,0.132527
0.147982,111.19,0.0770534
0.148,111.202,0.012401
0.148,111.202,1.2945e-06
0.148018,111.268,0.0662636
0.148232,111.361,0.092464
0.14825,111.373,0.012401
0.14825,111.373,1.2945e-06
0.148268,111.439,0.0662636
0.148268,111.439,8.63e-07
0.148304,111.572,0.132527
0.148482,111.649,0.0770534
0.1485,111.661,0.012401
0.1485,111.661,1.2945e-06
0.148518,111.728,0.0662636
0.148732,111.82,0.092464
0.14875,111.833,0.012401
0.14875,111.833,1.2945e-06
0.148768,111.899,0.0662636
0.148768,111.899,8.63e-07
0.148804,112.031,0.132527
0.148982,112.108,0.0770534
0.149,112.121,0.012401
0.149,112.121,1.2945e-06
0.149018,112.187,0.0662636
0.149232,112.28,0.092464
0.14925,112.292,0.012401
0.14925,112.292,1.2945e-06
0.149268,112.358,0.0662636
0.149268,112.358,8.63e-07
0.149304,112.491,0.132527
0.149482,112.568,0.0770534
0.1495,112.58,0.012401
0.1495,112.58,1.2945e-06
0.149518,112.646,0.0662636
0.149732,112.739,0.092464
0.14975,112.751,0.012401
0.14975,112.751,1.2945e-06
0.149768,112.818,0.0662636
0.149768,112.818,8.63e-07
0.149804,112.95,0.132527
0.149982,113.027,0.0770534
0.15,113.04,0.012401
0.15,113.04,1.2945e-06
0.150018,113.106,0.0662636
0.150232,113.198,0.092464
0.15025,113.211,0.012401
0.15025,113.211,1.2945e-06
0.150268,113.277,0.0662636
0.150268,113.277,8.63e-07
0.150304,113.409,0.132527
0.150482,113.487,0.0770534
0.1505,113.499,0.012401
0.1505,113.499,1.2945e-06
0.150518,113.565,0.0662636
0.150732,113.658,0.092464
0.15075,113.67,0.012401
0.15075,113.67,1.2945e-06
0.150768,113.736,0.0662636
0.150768,113.736,8.63e-07
0.150804,113.869,0.132527
0.150982,113.946,0.0770534
0.151,113.958,0.012401
0.151,113.958,1.2945e-06
0.151018,114.025,0.0662636
0.151232,114.117,0.092464
0.15125,114.129,0.012401
0.15125,114.129,1.2945e-06
0.151268,114.196,0.0662636
0.151268,114.196,8.63e-07
0.151304,114.328,0.132527
0.151482,114.405,0.0770534
0.1515,114.418,0.012401
0.1515,114.418,1.2945e-06
0.151518,114.484,0.0662636
0.151732,114.576,0.092464
0.15175,114.589,0.012401
0.15175,114.589,1.2945e-06
0.151768,114.655,0.0662636
0.151768,114.655,8.63e-07
0.151804,114.788,0.132527
0.151982,114.865,0.0770534
0.152,114.877,0.012401
0.152,114.877,1.2945e-06
0.152018,114.943,0.0662636
0.152232,115.036,0.092464
0.15225,115.048,0.012401
0.15225,115.048,1.2945e-06
0.152268,115.114,0.0662636
0.152268,115.114,8.63e-07
0.152304,115.247,0.132527
0.152482,115.324,0.0770534
0.1525,115.336,0.012401
0.1525,115.336,1.2945e-06
0.152518,115.403,0.0662636
0.152732,115.495,0.092464
0.15275,115.508,0.012401
0.15275,115.508,1.2945e-06
0.152768,115.574,0.0662636
0.152768,115.574,8.63e-07
0.152804,115.706,0.132527
0.152982,115.783,0.0770534
0.153,115.796,0.012401
0.153,115.796,1.2945e-06
0.153018,115.862,0.0662636
0.153232,115.955,0.092464
0.15325,115.967,0.012401
0.15325,115.967,1.2945e-06
0.153268,116.033,0.0662636
0.153268,116.033,8.63e-07
0.153304,116.166,0.132527
0.153482,116.243,0.0770534
0.1535,116.255,0.012401
0.1535,116.255,1.2945e-06
0.153518,116.321,0.0662636
0.153732,116.414,0.092464
0.15375,116.426,0.012401
0.15375,116.426,1.2945e-06
0.153768,116.493,0.0662636
0.153768,116.493,8.63e-07
0.153804,116.625,0.132527
0.153982,116.702,0.0770534
0.154,116.715,0.012401
0.154,116.715,1.2945e-06
0.154018,116.781,0.0662636
0.154232,116.873,0.092464
0.15425,116.886,0.012401
0.15425,116.886,1.2945e-06
0.154268,116.952,0.0662636
0.154268,116.952,8.63e-07
0.154304,117.085,0.132527
0.154482,117.162,0.0770534
0.1545,117.174,0.012401
0.1545,117.174,1.2945e-06
0.154518,117.24,0.0662636
0.154732,117.333,0.092464
0.15475,117.345,0.012401
0.15475,117.345,1.2945e-06
0.154768,117.411,0.0662636
0.154768,117.411,8.63e-07
0.154804,117.544,0.132527
0.154982,117.621,0.0770534
0.155,117.633,0.012401
0.155,117.633,1.2945e-06
0.155018,117.7,0.0662636
0.155232,117.792,0.092464
0.15525,117.804,0.012401
0.15525,117.804,1.2945e-06
0.155268,117.871,0.0662636
0.155268,117.871,8.63e-07
0.155304,118.003,0.132527
0.155482,118.08,0.0770534
0.1555,118.093,0.012401
0.1555,118.093,1.2945e-06
0.155518,118.159,0.0662636
0.155732,118.251,0.092464
0.15575,118.264,0.012401
0.15575,118.264,1.2945e-06
0.155768,118.33,0.0662636
0.155768,118.33,8.63e-07
0.155804,118.463,0.132527
0.155982,118.54,0.0770534
0.156,118.552,0.012401
0.156,118.552,1.2945e-06
0.156018,118.618,0.0662636
0.156232,118.711,0.092464
0.15625,118.723,0.012401
0.15625,118.723,1.2945e-06
0.156268,118.789,0.0662636
0.156268,118.789,8.63e-07
0.156304,118.922,0.132527
0.156482,118.999,0.0770534
0.1565,119.011,0.012401
0.1565,119.011,1.2945e-06
0.156518,119.078,0.0662636
0.156732,119.17,0.092464
0.15675,119.183,0.012401
0.15675,119.183,1.2945e-06
0.156768,119.249,0.0662636
0.156768,119.249,8.63e-07
0.156804,119.381,0.132527
0.156982,119.458,0.0770534
0.157,119.471,0.012401
0.157,119.471,1.2945e-06
0.157018,119.537,0.0662636
0.157232,119.63,0.092464
0.15725,119.642,0.012401
0.15725,119.642,1.2945e-06
0.157268,119.708,0.0662636
0.157268,119.708,8.63e-07
0.157304,119.841,0.132527
0.157482,119.918,0.0770534
0.1575,119.93,0.012401
0.1575,119.93,1.2945e-06
0.157518,119.997,0.0662636
0.157732,120.089,0.092464
0.15775,120.101,0.012401
0.15775,120.101,1.2945e-06
0.157768,120.168,0.0662636
0.157768,120.168,8.63e-07
0.157804,120.3,0.132527
0.157982,120.377,0.0770534
0.158,120.39,0.012401
0.158,120.39,1.2945e-06
0.158018,120.456,0.0662636
0.158232,120.548,0.092464
0.15825,120.561,0.012401
0.15825,120.561,1.2945e-06
0.158268,120.627,0.0662636
0.158268,120.627,8.63e-07
0.158304,120.76,0.132527
0.158482,120.837,0.0770534
0.1585,120.849,0.012401
0.1585,120.849,1.2945e-06
0.158518,120.915,0.0662636
0.158732,121.008,0.092464
0.15875,121.02,0.012401
0.15875,121.02,1.2945e-06
0.158768,121.086,0.0662636
0.158768,121.086,8.63e-07
0.158804,121.219,0.132527
0.158982,121.296,0.0770534
0.159,121.308,0.012401
0.159,121.308,1.2945e-06
0.159018,121.375,0.0662636
0.159232,121.467,0.092464
0.15925,121.479,0.012401
0.15925,121.479,1.2945e-06
0.159268,121.546,0.0662636
0.159268,121.546,8.63e-07
0.159304,121.678,0.132527
0.159482,121.755,0.0770534
0.1595,121.768,0.012401
0.1595,121.768,1.2945e-06
0.159518,121.834,0.0662636
0.159732,121.926,0.092464
0.15975,121.939,0.012401
0.15975,121.939,1.2945e-06
0.159768,122.005,0.0662636
0.159768,122.005,8.63e-07
0.159804,122.138,0.132527
0.159982,122.215,0.0770534
0.16,122.227,0.012401
0.16,122.227,1.2945e-06
0.160018,122.293,0.0662636
0.160232,122.386,0.092464
0.16025,122.398,0.012401
0.16025,122.398,1.2945e-06
0.160268,122.465,0.0662636
0.160268,122.465,8.63e-07
0.160304,122.597,0.132527
0.160482,122.674,0.0770534
0.1605,122.686,0.012401
0.1605,122.687,1.2945e-06
0.160518,122.753,0.0662636
0.160732,122.845,0.092464
0.16075,122.858,0.012401
0.16075,122.858,1.2945e-06
0.160768,122.924,0.0662636
0.160768,122.924,8.63e-07
0.160804,123.056,0.132527
0.160982,123.133,0.0770534
0.161,123.146,0.012401
0.161,123.146,1.2945e-06
0.161018,123.212,0.0662636
0.161232,123.305,0.092464
0.16125,123.317,0.012401
0.16125,123.317,1.2945e-06
0.161268,123.383,0.0662636
0.161268,123.383,8.63e-07
0.161304,123.516,0.132527
0.161482,123.593,0.0770534
0.1615,123.605,0.012401
0.1615,123.605,1.2945e-06
0.161518,123.672,0.0662636
0.161732,123.764,0.092464
0.16175,123.776,0.012401
0.16175,123.776,1.2945e-06
0.161768,123.843,0.0662636
0.161768,123.843,8.63e-07
0.161804,123.975,0.132527
0.161982,124.052,0.0770534
0.162,124.065,0.012401
0.162,124.065,1.2945e-06
0.162018,124.131,0.0662636
0.162232,124.223,0.092464
0.16225,124.236,0.012401
0.16225,124.236,1.2945e-06
0.162268,124.302,0.0662636
0.162268,124.302,8.63e-07
0.162304,124.435,0.132527
0.162482,124.512,0.0770534
0.1625,124.524,0.012401
0.1625,124.524,1.2945e-06
0.162518,124.59,0.0662636
0.162732,124.683,0.092464
0.16275,124.695,0.012401
0.16275,124.695,1.2945e-06
0.162768,124.761,0.0662636
0.162768,124.761,8.63e-07
0.162804,124.894,0.132527
0.162982,124.971,0.0770534
0.163,124.983,0.012401
0.163,124.983,1.2945e-06
0.163018,125.05,0.0662636
0.163232,125.142,0.092464
0.16325,125.155,0.012401
0.16325,125.155,1.2945e-06
0.163268,125.221,0.0662636
0.163268,125.221,8.63e-07
0.163304,125.353,0.132527
0.163482,125.43,0.0770534
0.1635,125.443,0.012401
0.1635,125.443,1.2945e-06
0.163518,125.509,0.0662636
0.163732,125.601,0.092464
0.16375,125.614,0.012401
0.16375,125.614,1.2945e-06
0.163768,125.68,0.0662636
0.163768,125.68,8.63e-07
0.163804,125.813,0.132527
0.163982,125.89,0.0770534
0.164,125.902,0.012401
0.164,125.902,1.2945e-06
0.164018,125.968,0.0662636
0.164232,126.061,0.092464
0.16425,126.073,0.012401
0.16425,126.073,1.2945e-06
0.164268,126.14,0.0662636
0.164268,126.14,8.63e-07
0.164304,126.272,0.132527
0.164482,126.349,0.0770534
0.1645,126.362,0.012401
0.1645,126.362,1.2945e-06
0.164518,126.428,0.0662636
0.164732,126.52,0.092464
0.16475,126.533,0.012401
0.16475,126.533,1.2945e-06
0.164768,126.599,0.0662636
0.164768,126.599,8.63e-07
0.164804,126.731,0.132527
0.164982,126.808,0.0770534
0.165,126.821,0.012401
0.165,126.821,1.2945e-06
0.165018,126.887,0.0662636
0.165232,126.98,0.092464
0.16525,126.992,0.012401
0.16525,126.992,1.2945e-06
0.165268,127.058,0.0662636
0.165268,127.058,8.63e-07
0.165304,127.191,0.132527
0.165482,127.268,0.0770534
0.1655,127.28,0.012401
0.1655,127.28,1.2945e-06
0.165518,127.347,0.0662636
0.165732,127.439,0.092464
0.16575,127.451,0.012401
0.16575,127.451,1.2945e-06
0.165768,127.518,0.0662636
0.165768,127.518,8.63e-07
0.165804,127.65,0.132527
0.165982,127.727,0.0770534
0.166,127.74,0.012401
0.166,127.74,1.2945e-06
0.166018,127.806,0.0662636
0.166232,127.898,0.092464
0.16625,127.911,0.012401
0.16625,127.911,1.2945e-06
0.166268,127.977,0.0662636
0.166268,127.977,8.63e-07
0.166304,128.11,0.132527
0.166482,128.187,0.0770534
0.1665,128.199,0.012401
0.1665,128.199,1.2945e-06
0.166518,128.265,0.0662636
0.166732,128.358,0.092464
0.16675,128.37,0.012401
0.16675,128.37,1.2945e-06
0.166768,128.436,0.0662636
0.166768,128.436,8.63e-07
0.166804,128.569,0.132527
0.166982,128.646,0.0770534
0.167,128.658,0.012401
0.167,128.658,1.2945e-06
0.167018,128.725,0.0662636
0.167232,128.817,0.092464
0.16725,128.83,0.012401
0.16725,128.83,1.2945e-06
0.167268,128.896,0.0662636
0.167268,128.896,8.63e-07
0.167304,129.028,0.132527
0.167482,129.105,0.0770534
0.1675,129.118,0.012401
0.1675,129.118,1.2945e-06
0.167518,129.184,0.0662636
0.167732,129.277,0.092464
0.16775,129.289,0.012401
0.16775,129.289,1.2945e-06
0.167768,129.355,0.0662636
0.167768,129.355,8.63e-07
0.167804,129.488,0.132527
0.167982,129.565,0.0770534
0.168,129.577,0.012401
0.168,129.577,1.2945e-06
0.168018,129.643,0.0662636
0.168232,129.736,0.092464
0.16825,129.748,0.012401
0.16825,129.748,1.2945e-06
0.168268,129.815,0.0662636
0.168268,129.815,8.63e-07
0.168304,129.947,0.132527
0.168482,130.024,0.0770534
0.1685,130.037,0.012401
0.1685,130.037,1.2945e-06
0.168518,130.103,0.0662636
0.168732,130.195,0.092464
0.16875,130.208,0.012401
0.16875,130.208,1.2945e-06
0.168768,130.274,0.0662636
0.168768,130.274,8.63e-07
0.168804,130.406,0.132527
0.168982,130.484,0.0770534
0.169,130.496,0.012401
0.169,130.496,1.2945e-06
0.169018,130.562,0.0662636
0.169232,130.655,0.092464
0.16925,130.667,0.012401
0.16925,130.667,1.2945e-06
0.169268,130.733,0.0662636
0.169268,130.733,8.63e-07
0.169304,130.866,0.132527
0.169482,130.943,0.0770534
0.1695,130.955,0.012401
0.1695,130.955,1.2945e-06
0.169518,131.022,0.0662636
0.169732,131.114,0.092464
0.16975,131.126,0.012401
0.16975,131.126,1.2945e-06
0.169768,131.193,0.0662636
0.169768,131.193,8.63e-07
0.169804,131.325,0.132527
0.169982,131.402,0.0770534
0.17,131.415,0.012401
0.17,131.415,1.2945e-06
0.170018,131.481,0.0662636
0.170232,131.573,0.092464
0.17025,131.586,0.012401
0.17025,131.586,1.2945e-06
0.170268,131.652,0.0662636
0.170268,131.652,8.63e-07
0.170304,131.785,0.132527
0.170482,131.862,0.0770534
0.1705,131.874,0.012401
0.1705,131.874,1.2945e-06
0.170518,131.94,0.0662636
0.170732,132.033,0.092464
0.17075,132.045,0.012401
0.17075,132.045,1.2945e-06
0.170768,132.111,0.0662636
0.170768,132.111,8.63e-07
0.170804,132.244,0.132527
0.170982,132.321,0.0770534
0.171,132.333,0.012401
0.171,132.333,1.2945e-06
0.171018,132.4,0.0662636
0.171232,132.492,0.092464
0.17125,132.505,0.012401
0.17125,132.505,1.2945e-06
0.171268,132.571,0.0662636
0.171268,132.571,8.63e-07
0.171304,132.703,0.132527
0.171482,132.78,0.0770534
0.1715,132.793,0.012401
0.1715,132.793,1.2945e-06
0.171518,132.859,0.0662636
0.171732,132.952,0.092464
0.17175,132.964,0.012401
0.17175,132.964,1.2945e-06
0.171768,133.03,0.0662636
0.171768,133.03,8.63e-07
0.171804,133.163,0.132527
0.171982,133.24,0.0770534
0.172,133.252,0.012401
0.172,133.252,1.2945e-06
0.172018,133.318,0.0662636
0.172232,133.411,0.092464
0.17225,133.423,0.012401
0.17225,133.423,1.2945e-06
0.172268,133.49,0.0662636
0.172268,133.49,8.63e-07
0.172304,133.622,0.132527
0.172482,133.699,0.0770534
0.1725,133.712,0.012401
0.1725,133.712,1.2945e-06
0.172518,133.778,0.0662636
0.172732,133.87,0.092464
0.17275,133.883,0.012401
0.17275,133.883,1.2945e-06
0.172768,133.949,0.0662636
0.172768,133.949,8.63e-07
0.172804,134.081,0.132527
0.172982,134.159,0.0770534
0.173,134.171,0.012401
0.173,134.171,1.2945e-06
0.173018,134.237,0.0662636
0.173232,134.33,0.092464
0.17325,134.342,0.012401
0.17325,134.342,1.2945e-06
0.173268,134.408,0.0662636
0.173268,134.408,8.63e-07
0.173304,134.541,0.132527
0.173482,134.618,0.0770534
0.1735,134.63,0.012401
0.1735,134.63,1.2945e-06
0.173518,134.697,0.0662636
0.173732,134.789,0.092464
0.17375,134.801,0.012401
0.17375,134.801,1.2945e-06
0.173768,134.868,0.0662636
0.173768,134.868,8.63e-07
0.173804,135,0.132527
0.173982,135.077,0.0770534
0.174,135.09,0.012401
0.174,135.09,1.2945e-06
0.174018,135.156,0.0662636
0.174232,135.248,0.092464
0.17425,135.261,0.012401
0.17425,135.261,1.2945e-06
0.174268,135.327,0.0662636
0.174268,135.327,8.63e-07
0.174304,135.46,0.132527
0.174482,135.537,0.0770534
0.1745,135.549,0.012401
0.1745,135.549,1.2945e-06
0.174518,135.615,0.0662636
0.174732,135.708,0.092464
0.17475,135.72,0.012401
0.17475,135.72,1.2945e-06
0.174768,135.786,0.0662636
0.174768,135.786,8.63e-07
0.174804,135.919,0.132527
0.174982,135.996,0.0770534
0.175,136.008,0.012401
0.175,136.008,1.2945e-06
0.175018,136.075,0.0662636
0.175232,136.167,0.092464
0.17525,136.18,0.012401
0.17525,136.18,1.2945e-06
0.175268,136.246,0.0662636
0.175268,136.246,8.63e-07
0.175304,136.378,0.132527
0.175482,136.455,0.0770534
0.1755,136.468,0.012401
0.1755,136.468,1.2945e-06
0.175518,136.534,0.0662636
0.175732,136.627,0.092464
0.17575,136.639,0.012401
0.17575,136.639,1.2945e-06
0.175768,136.705,0.0662636
0.175768,136.705,8.63e-07
0.175804,136.838,0.132527
0.175982,136.915,0.0770534
0.176,136.927,0.012401
0.176,136.927,1.2945e-06
0.176018,136.993,0.0662636
0.176232,137.086,0.092464
0.17625,137.098,0.012401
0.17625,137.098,1.2945e-06
0.176268,137.165,0.0662636
0.176268,137.165,8.63e-07
0.176304,137.297,0.132527
0.176482,137.374,0.0770534
0.1765,137.387,0.012401
0.1765,137.387,1.2945e-06
0.176518,137.453,0.0662636
0.176732,137.545,0.092464
0.17675,137.558,0.012401
0.17675,137.558,1.2945e-06
0.176768,137.624,0.0662636
0.176768,137.624,8.63e-07
0.176804,137.756,0.132527
0.176982,137.834,0.0770534
0.177,137.846,0.012401
0.177,137.846,1.2945e-06
0.177018,137.912,0.0662636
0.177232,138.005,0.092464
0.17725,138.017,0.012401
0.17725,138.017,1.2945e-06
0.177268,138.083,0.0662636
0.177268,138.083,8.63e-07
0.177304,138.216,0.132527
0.177482,138.293,0.0770534
0.1775,138.305,0.012401
0.1775,138.305,1.2945e-06
0.177518,138.372,0.0662636
0.177732,138.464,0.092464
0.17775,138.476,0.012401
0.17775,138.476,1.2945e-06
0.177768,138.543,0.0662636
0.177768,138.543,8.63e-07
0.177804,138.675,0.132527
0.177982,138.752,0.0770534
0.178,138.765,0.012401
0.178,138.765,1.2945e-06
0.178018,138.831,0.0662636
0.178232,138.923,0.092464
0.17825,138.936,0.012401
0.17825,138.936,1.2945e-06
0.178268,139.002,0.0662636
0.178268,139.002,8.63e-07
0.178304,139.135,0.132527
0.178482,139.212,0.0770534
0.1785,139.224,0.012401
0.1785,139.224,1.2945e-06
0.178518,139.29,0.0662636
0.178732,139.383,0.092464
0.17875,139.395,0.012401
0.17875,139.395,1.2945e-06
0.178768,139.461,0.0662636
0.178768,139.461,8.63e-07
0.178804,139.594,0.132527
0.178982,139.671,0.0770534
0.179,139.683,0.012401
0.179,139.683,1.2945e-06
0.179018,139.75,0.0662636
0.179232,139.842,0.092464
0.17925,139.855,0.012401
0.17925,139.855,1.2945e-06
0.179268,139.921,0.0662636
0.179268,139.921,8.63e-07
0.179304,140.053,0.132527
0.179482,140.13,0.0770534
0.1795,140.143,0.012401
0.1795,140.143,1.2945e-06
0.179518,140.209,0.0662636
0.179732,140.302,0.092464
0.17975,140.314,0.012401
0.17975,140.314,1.2945e-06
0.179768,140.38,0.0662636
0.179768,140.38,8.63e-07
0.179804,140.513,0.132527
0.179982,140.59,0.0770534
0.18,140.602,0.012401
0.18,140.602,1.2945e-06
0.180018,140.668,0.0662636
0.180232,140.761,0.092464
0.18025,140.773,0.012401
0.18025,140.773,1.2945e-06
0.180268,140.84,0.0662636
0.180268,140.84,8.63e-07
0.180304,140.972,0.132527
0.180482,141.049,0.0770534
0.1805,141.062,0.012401
0.1805,141.062,1.2945e-06
0.180518,141.128,0.0662636
0.180732,141.22,0.092464
0.18075,141.233,0.012401
0.18075,141.233,1.2945e-06
0.180768,141.299,0.0662636
0.180768,141.299,8.63e-07
0.180804,141.432,0.132527
0.180982,141.509,0.0770534
0.181,141.521,0.012401
0.181,141.521,1.2945e-06
0.181018,141.587,0.0662636
0.181232,141.68,0.092464
0.18125,141.692,0.012401
0.18125,141.692,1.2945e-06
0.181268,141.758,0.0662636
0.181268,141.758,8.63e-07
0.181304,141.891,0.132527
0.181482,141.968,0.0770534
0.1815,141.98,0.012401
0.1815,141.98,1.2945e-06
0.181518,142.047,0.0662636
0.181732,142.139,0.092464
0.18175,142.151,0.012401
0.18175,142.151,1.2945e-06
0.181768,142.218,0.0662636
0.181768,142.218,8.63e-07
0.181804,142.35,0.132527
0.181982,142.427,0.0770534
0.182,142.44,0.012401
0.182,142.44,1.2945e-06
0.182018,142.506,0.0662636
0.182232,142.598,0.092464
0.18225,142.611,0.012401
0.18225,142.611,1.2945e-06
0.182268,142.677,0.0662636
0.182268,142.677,8.63e-07
0.182304,142.81,0.132527
0.182482,142.887,0.0770534
0.1825,142.899,0.012401
0.1825,142.899,1.2945e-06
0.182518,142.965,0.0662636
0.182732,143.058,0.092464
0.18275,143.07,0.012401
0.18275,143.07,1.2945e-06
0.182768,143.136,0.0662636
0.182768,143.136,8.63e-07
0.182804,143.269,0.132527
0.182982,143.346,0.0770534
0.183,143.358,0.012401
0.183,143.358,1.2945e-06
0.183018,143.425,0.0662636
0.183232,143.517,0.092464
0.18325,143.53,0.012401
0.18325,143.53,1.2945e-06
0.183268,143.596,0.0662636
0.183268,143.596,8.63e-07
0.183304,143.728,0.132527
0.183482,143.805,0.0770534
0.1835,143.818,0.012401
0.1835,143.818,1.2945e-06
0.183518,143.884,0.0662636
0.183732,143.977,0.092464
0.18375,143.989,0.012401
0.18375,143.989,1.2945e-06
0.183768,144.055,0.0662636
0.183768,144.055,8.63e-07
0.183804,144.188,0.132527
0.183982,144.265,0.0770534
0.184,144.277,0.012401
0.184,144.277,1.2945e-06
0.184018,144.343,0.0662636
0.184232,144.436,0.092464
0.18425,144.448,0.012401
0.18425,144.448,1.2945e-06
0.184268,144.515,0.0662636
0.184268,144.515,8.63e-07
0.184304,144.647,0.132527
0.184482,144.724,0.0770534
0.1845,144.737,0.012401
0.1845,144.737,1.2945e-06
0.184518,144.803,0.0662636
0.184732,144.895,0.092464
0.18475,144.908,0.012401
0.18475,144.908,1.2945e-06
0.184768,144.974,0.0662636
0.184768,144.974,8.63e-07
0.184804,145.107,0.132527
0.184982,145.184,0.0770534
0.185,145.196,0.012401
0.185,145.196,1.2945e-06
0.185018,145.262,0.0662636
0.185232,145.355,0.092464
0.18525,145.367,0.012401
0.18525,145.367,1.2945e-06
0.185268,145.433,0.0662636
0.185268,145.433,8.63e-07
0.185304,145.566,0.132527
0.185482,145.643,0.0770534
0.1855,145.655,0.012401
0.1855,145.655,1.2945e-06
0.185518,145.722,0.0662636
0.185732,145.814,0.092464
0.18575,145.826,0.012401
0.18575,145.826,1.2945e-06
0.185768,145.893,0.0662636
0.185768,145.893,8.63e-07
0.185804,146.025,0.132527
0.185982,146.102,0.0770534
0.186,146.115,0.012401
0.186,146.115,1.2945e-06
0.186018,146.181,0.0662636
0.186232,146.273,0.092464
0.18625,146.286,0.012401
0.18625,146.286,1.2945e-06
0.186268,146.352,0.0662636
0.186268,146.352,8.63e-07
0.186304,146.485,0.132527
0.186482,146.562,0.0770534
0.1865,146.574,0.012401
0.1865,146.574,1.2945e-06
0.186518,146.64,0.0662636
0.186732,146.733,0.092464
0.18675,146.745,0.012401
0.18675,146.745,1.2945e-06
0.186768,146.812,0.0662636
0.186768,146.812,8.63e-07
0.186804,146.944,0.132527
0.186982,147.021,0.0770534
0.187,147.033,0.012401
0.187,147.033,1.2945e-06
0.187018,147.1,0.0662636
0.187232,147.192,0.092464
0.18725,147.205,0.012401
0.18725,147.205,1.2945e-06
0.187268,147.271,0.0662636
0.187268,147.271,8.63e-07
0.187304,147.403,0.132527
0.187482,147.48,0.0770534
0.1875,147.493,0.012401
0.1875,147.493,1.2945e-06
0.187518,147.559,0.0662636
0.187732,147.652,0.092464
0.18775,147.664,0.012401
0.18775,147.664,1.2945e-06
0.187768,147.73,0.0662636
0.187768,147.73,8.63e-07
0.187804,147.863,0.132527
0.187982,147.94,0.0770534
0.188,147.952,0.012401
0.188,147.952,1.2945e-06
0.188018,148.019,0.0662636
0.188232,148.111,0.092464
0.18825,148.123,0.012401
0.18825,148.123,1.2945e-06
0.188268,148.19,0.0662636
0.188268,148.19,8.63e-07
0.188304,148.322,0.132527
0.188482,148.399,0.0770534
0.1885,148.412,0.012401
0.1885,148.412,1.2945e-06
0.188518,148.478,0.0662636
0.188732,148.57,0.092464
0.18875,148.583,0.012401
0.18875,148.583,1.2945e-06
0.188768,148.649,0.0662636
0.188768,148.649,8.63e-07
0.188804,148.782,0.132527
0.188982,148.859,0.0770534
0.189,148.871,0.012401
0.189,148.871,1.2945e-06
0.189018,148.937,0.0662636
0.189232,149.03,0.092464
0.18925,149.042,0.012401
0.18925,149.042,1.2945e-06
0.189268,149.108,0.0662636
0.189268,149.108,8.63e-07
0.189304,149.241,0.132527
0.189482,149.318,0.0770534
0.1895,149.33,0.012401
0.1895,149.33,1.2945e-06
0.189518,149.397,0.0662636
0.189732,149.489,0.092464
0.18975,149.502,0.012401
0.18975,149.502,1.2945e-06
0.189768,149.568,0.0662636
0.189768,149.568,8.63e-07
0.189804,149.7,0.132527
