SessionID,ElapsedTime,Node,CellID,Level,SNR,Qual,CQI,SecondCell_RSRP,SecondCell_SNR,NRxLev1,NQual1,Speed,DL_bitrate,UL_bitrate,BANDWIDTH,Bearing,RSRQ,Event
7,0.907214,6,5,-91.2689,12,-107.269,11,-101.269,7,48.7311,-64.2689,60,0,0,100,0,-107.269,SECONDARY_CHANGE
8,0.907214,7,6,-87.8493,15,-104.849,11,-97.8493,10,52.1507,-61.8493,65,0,0,100,0,-104.849,SECONDARY_CHANGE
5,1.10721,4,6,-90.5779,14,-102.578,11,-100.578,9,49.4221,-59.5779,65,0,0,100,0,-102.578,SECONDARY_CHANGE
4,1.30721,3,5,-90.6827,12,-104.683,11,-100.683,7,49.3173,-61.6827,60,0,0,100,0,-104.683,SECONDARY_CHANGE
1,1.50721,0,5,-96.4783,8,-109.478,7,-106.478,3,43.5217,-66.4783,60,0,0,100,0,-109.478,SECONDARY_CHANGE
2,1.50721,1,6,-87.43,16,-99.43,13,-97.43,11,52.57,-56.43,65,0,0,100,0,-99.43,SECONDARY_CHANGE
1,3,9,5,-105.235,6,-121.235,9,-115.235,1,34.7647,-78.2353,60,0,0,100,90,-121.235
2,3.1,10,6,-104.004,14,-119.004,11,-114.004,9,35.9959,-76.0041,65,0,0,100,90,-119.004
10,3.10721,9,6,-91.0307,7,-105.031,7,-101.031,2,48.9693,-62.0307,60,0,0,100,0,-105.031,SECONDARY_CHANGE
3,3.2,11,6,-120,10,-133,9,-130,5,20,-90,70,0,0,100,270,-133
4,3.3,12,5,-105.693,7,-117.693,9,-115.693,2,34.3071,-74.6929,60,0,0,100,90,-117.693
5,3.4,13,6,-109.949,12,-126.949,11,-119.949,7,30.0508,-83.9492,65,0,0,100,90,-126.949
6,3.5,14,6,-120,6,-136,9,-130,1,20,-93,70,0,0,100,90,-136
7,3.50721,6,6,-88.2035,13,-103.203,11,-98.2035,8,51.7965,-60.2035,60,0,0,100,0,-103.203,SECONDARY_CHANGE
7,3.6,15,6,-84.1145,14,-101.114,11,-94.1145,9,55.8855,-58.1145,60,0,0,100,90,-101.114
8,3.7,16,6,-115.221,9,-129.221,9,-125.221,4,24.7789,-86.2211,65,0,0,100,90,-129.221
4,3.70721,3,6,-90.4137,8,-102.414,7,-100.414,3,49.5863,-59.4137,60,0,0,100,0,-102.414,SECONDARY_CHANGE
9,3.8,17,6,-120,5,-133,7,-130,0,20,-90,70,0,0,100,90,-133
10,3.9,18,6,-87.3074,12,-102.307,11,-97.3074,7,52.6926,-59.3074,60,0,0,100,90,-102.307
1,4,9,5,-117.771,6,-133.771,9,-127.771,1,22.2287,-90.7713,60,0.272,0,100,90,-133.771
2,4.1,10,6,-115.84,9,-130.84,9,-125.84,4,24.1604,-87.8396,65,0.24,0,100,90,-130.84
1,4.10721,0,6,-86.0307,15,-100.031,11,-96.0307,10,53.9693,-57.0307,60,0,0,100,0,-100.031,SECONDARY_CHANGE
3,4.2,11,6,-115.883,8,-130.883,9,-125.883,3,24.1167,-87.8833,70,0.072,0,100,270,-130.883
4,4.3,12,6,-69.6081,25,-81.6081,15,-79.6081,20,70.3919,-38.6081,60,0,0,100,90,-81.6081
5,4.4,13,6,-117.491,9,-132.491,9,-127.491,4,22.5091,-89.4909,65,0,0,100,270,-132.491
6,4.5,14,6,-120,9,-134,9,-130,4,20,-91,70,0,0,100,270,-134
7,4.6,15,6,-100.197,12,-114.197,11,-110.197,7,39.8035,-71.1965,60,0,0,100,90,-114.197
8,4.7,16,6,-119.375,13,-131.375,11,-129.375,8,20.6249,-88.3751,65,0,0,100,90,-131.375
9,4.8,17,6,-120,8,-132,9,-130,3,20,-89,70,0,0,100,90,-132
10,4.9,18,6,-111.35,14,-125.35,11,-121.35,9,28.6502,-82.3498,60,0,0,100,90,-125.35
1,5,9,6,-94.6992,11,-106.699,11,-104.699,6,45.3008,-63.6992,60,0.4,0,100,90,-106.699
2,5.1,10,6,-111.434,7,-124.434,9,-121.434,2,28.5656,-81.4344,65,0.4,0,100,270,-124.434
3,5.2,11,6,-107.108,9,-119.108,9,-117.108,4,32.8922,-76.1078,70,0.376,0,100,270,-119.108
4,5.3,12,6,-100.138,5,-115.138,7,-110.138,0,39.8622,-72.1378,60,0.32,0,100,90,-115.138
5,5.4,13,6,-105.518,12,-121.518,11,-115.518,7,34.4823,-78.5177,65,0.16,0,100,270,-121.518
6,5.5,14,6,-120,7,-137,9,-130,2,20,-94,70,0,0,100,270,-137
7,5.6,15,6,-91.6018,7,-103.602,9,-101.602,2,48.3982,-60.6018,60,0,0,100,270,-103.602
8,5.7,16,6,-120,5,-133,7,-130,0,20,-90,65,0,0,100,270,-133
9,5.8,17,6,-120,10,-133,9,-130,5,20,-90,70,0,0,100,90,-133
10,5.9,18,6,-111.543,14,-127.543,11,-121.543,9,28.4573,-84.5427,60,0,0,100,90,-127.543
1,6,9,6,-113.398,6,-128.398,9,-123.398,1,26.6015,-85.3985,60,0.4,0,100,270,-128.398
2,6.1,10,6,-102.409,6,-117.409,9,-112.409,1,37.5906,-74.4094,65,0.4,0,100,270,-117.409
3,6.2,11,6,-93.2958,14,-110.296,11,-103.296,9,46.7042,-67.2958,70,0.4,0,100,270,-110.296
4,6.3,12,6,-90.6802,11,-105.68,11,-100.68,6,49.3198,-62.6802,60,0.4,0,100,270,-105.68
5,6.4,13,6,-74.128,21,-89.128,15,-84.128,16,65.872,-46.128,65,0.4,0,100,270,-89.128
6,6.5,14,6,-120,8,-136,9,-130,3,20,-93,70,0.376,0,100,270,-136
7,6.6,15,6,-85.5241,18,-99.5241,13,-95.5241,13,54.4759,-56.5241,60,0.24,0,100,270,-99.5241
8,6.7,16,6,-120,14,-134,11,-130,9,20,-91,65,0.08,0,100,270,-134
9,6.8,17,6,-120,5,-137,7,-130,0,20,-94,70,0,0,100,270,-137
10,6.9,18,6,-113.759,10,-129.759,9,-123.759,5,26.2406,-86.7594,60,0,0,100,270,-129.759
1,7,9,6,-96.6992,11,-111.699,11,-106.699,6,43.3008,-68.6992,60,0.4,0,100,270,-111.699
2,7.1,10,6,-77.8783,20,-91.8783,13,-87.8783,15,62.1217,-48.8783,65,0.4,0,100,270,-91.8783
3,7.2,11,6,-100.611,6,-115.611,9,-110.611,1,39.3892,-72.6108,70,0.4,0,100,270,-115.611
4,7.3,12,6,-90.6505,13,-107.651,11,-100.651,8,49.3495,-64.6505,60,0.4,0,100,270,-107.651
5,7.4,13,6,-103.688,6,-117.688,9,-113.688,1,36.3119,-74.6881,65,0.4,0,100,270,-117.688
6,7.5,14,6,-120,5,-133,7,-130,0,20,-90,70,0.392,0,100,270,-133
7,7.6,15,6,-108.707,9,-124.707,9,-118.707,4,31.2926,-81.7074,60,0.4,0,100,270,-124.707
8,7.7,16,6,-115.547,11,-132.547,11,-125.547,6,24.4528,-89.5472,65,0.4,0,100,270,-132.547
9,7.8,17,6,-120,12,-135,11,-130,7,20,-92,70,0.304,0,100,270,-135
10,7.9,18,6,-109.379,11,-124.379,11,-119.379,6,30.6205,-81.3795,60,0.16,0,100,270,-124.379
1,8,9,6,-94.6992,12,-111.699,11,-104.699,7,45.3008,-68.6992,60,0.4,0,100,270,-111.699
2,8.1,10,6,-99.809,12,-116.809,11,-109.809,7,40.191,-73.809,65,0.392,0,100,270,-116.809
3,8.2,11,6,-114.465,13,-127.465,11,-124.465,8,25.5351,-84.4649,70,0.392,0,100,270,-127.465
4,8.3,12,6,-108.057,12,-125.057,11,-118.057,7,31.9431,-82.0569,60,0.4,0,100,270,-125.057
3,8.30721,2,5,-90.2327,13,-103.233,11,-100.233,8,49.7673,-60.2327,70,0,0,100,0,-103.233,SECONDARY_CHANGE
7,8.30721,6,5,-83.6827,11,-98.6827,11,-93.6827,6,56.3173,-55.6827,60,0,0,100,0,-98.6827,SECONDARY_CHANGE
5,8.4,13,6,-110.561,11,-125.561,11,-120.561,6,29.4393,-82.5607,65,0.28,0,100,270,-125.561
6,8.5,14,6,-108.939,8,-121.939,9,-118.939,3,31.0608,-78.9392,70,0.368,0,100,270,-121.939
5,8.50721,4,5,-87.3447,16,-101.345,13,-97.3447,11,52.6553,-58.3447,65,0,0,100,0,-101.345,SECONDARY_CHANGE
7,8.6,15,5,-66.0721,28,-82.0721,15,-76.0721,23,73.9279,-39.0721,60,0.272,0,100,270,-82.0721
8,8.7,16,6,-101.625,14,-113.625,11,-111.625,9,38.3748,-70.6252,65,0.392,0,100,270,-113.625
9,8.8,17,6,-120,11,-137,11,-130,6,20,-94,70,0.288,0,100,270,-137
10,8.9,18,6,-95.4706,5,-110.471,7,-105.471,0,44.5294,-67.4706,60,0.392,0,100,270,-110.471
4,8.90721,3,5,-91.2689,14,-105.269,11,-101.269,9,48.7311,-62.2689,60,0,0,100,0,-105.269,SECONDARY_CHANGE
1,9,9,6,-111.398,9,-128.398,9,-121.398,4,28.6015,-85.3985,60,0.392,0,100,270,-128.398
2,9.1,10,6,-94.2522,14,-111.252,11,-104.252,9,45.7478,-68.2522,65,0.296,0,100,270,-111.252
2,9.10721,1,5,-89.9936,19,-105.994,13,-99.9936,14,50.0064,-62.9936,65,0,0,100,0,-105.994,SECONDARY_CHANGE
3,9.2,11,5,-101.948,9,-113.948,9,-111.948,4,38.0517,-70.9483,70,0.4,0,100,270,-113.948
4,9.3,12,5,-48.536,25,-63.536,15,-58.536,20,91.464,-20.536,60,0.296,0,100,270,-63.536
5,9.4,13,5,-97.8866,6,-111.887,9,-107.887,1,42.1134,-68.8866,65,0.392,0,100,270,-111.887
6,9.5,14,6,-91.9279,14,-103.928,11,-101.928,9,48.0721,-60.9279,70,0.392,0,100,270,-103.928
1,9.50721,0,5,-93.4783,13,-109.478,11,-103.478,8,46.5217,-66.4783,60,0,0,100,0,-109.478,SECONDARY_CHANGE
7,9.6,15,5,-106.187,6,-122.187,9,-116.187,1,33.8134,-79.1866,60,0.4,0,100,270,-122.187
8,9.7,16,6,-81.4015,11,-96.4015,11,-91.4015,6,58.5985,-53.4015,65,0.408,0,100,270,-96.4015
9,9.8,17,6,-120,13,-132,11,-130,8,20,-89,70,0.288,0,100,270,-132
10,9.9,18,6,-88.3074,16,-100.307,13,-98.3074,11,51.6926,-57.3074,60,0.4,0,100,270,-100.307
1,10,9,5,-41,22,-53,15,-51,17,99,-10,60,0.312,0,100,270,-53
2,10.1,10,5,-97.0606,11,-111.061,11,-107.061,6,42.9394,-68.0606,65,0.4,0,100,270,-111.061
3,10.2,11,5,-115.222,9,-129.222,9,-125.222,4,24.7779,-86.2221,70,0.376,0,100,270,-129.222
4,10.3,12,5,-99.72,9,-111.72,9,-109.72,4,40.28,-68.72,60,0.4,0,100,270,-111.72
5,10.4,13,5,-115.953,7,-127.953,9,-125.953,2,24.047,-84.953,65,0.384,0,100,270,-127.953
6,10.5,14,6,-97.8566,5,-112.857,7,-107.857,0,42.1434,-69.8566,70,0.4,0,100,270,-112.857
3,10.5072,2,4,-85.7446,13,-102.745,11,-95.7446,8,54.2554,-59.7446,70,0,0,100,0,-102.745,SECONDARY_CHANGE
7,10.6,15,5,-116.256,5,-131.256,7,-126.256,0,23.744,-88.256,60,0.32,0,100,270,-131.256
8,10.7,16,6,-104.566,5,-118.566,7,-114.566,0,35.4337,-75.5663,65,0.392,0,100,270,-118.566
5,10.7072,4,4,-91.5408,6,-104.541,7,-101.541,1,48.4592,-61.5408,65,0,0,100,0,-104.541,SECONDARY_CHANGE
7,10.7072,6,4,-86.4137,19,-102.414,13,-96.4137,14,53.5863,-59.4137,60,0,0,100,0,-102.414,SECONDARY_CHANGE
9,10.8,17,6,-118.69,13,-131.69,11,-128.69,8,21.3097,-88.6903,70,0.368,0,100,270,-131.69
10,10.9,18,6,-112.35,11,-125.35,11,-122.35,6,27.6502,-82.3498,60,0.4,0,100,270,-125.35
1,11,9,5,-101.235,5,-115.235,7,-111.235,0,38.7647,-72.2353,60,0.392,0,100,270,-115.235
2,11.1,10,5,-116.024,11,-130.024,11,-126.024,6,23.976,-87.024,65,0.352,0,100,270,-130.024
3,11.2,11,4,-98.8602,12,-110.86,11,-108.86,7,41.1398,-67.8602,70,0.32,0,100,270,-110.86
4,11.3,12,5,-112.516,14,-124.516,11,-122.516,9,27.4841,-81.5159,60,0.288,0,100,270,-124.516
5,11.4,13,4,-84.831,12,-101.831,11,-94.831,7,55.169,-58.831,65,0.336,0,100,270,-101.831
6,11.5,14,6,-110.584,14,-126.584,11,-120.584,9,29.416,-83.584,70,0.392,0,100,270,-126.584
2,11.5072,1,4,-81.3447,10,-95.3447,7,-91.3447,5,58.6553,-52.3447,65,0,0,100,0,-95.3447,SECONDARY_CHANGE
4,11.5072,3,4,-88.2035,16,-105.203,13,-98.2035,11,51.7965,-62.2035,60,0,0,100,0,-105.203,SECONDARY_CHANGE
10,11.5072,9,5,-95.4783,7,-108.478,7,-105.478,2,44.5217,-65.4783,60,0,0,100,0,-108.478,SECONDARY_CHANGE
7,11.6,15,4,-93.5241,14,-106.524,11,-103.524,9,46.4759,-63.5241,60,0.4,0,100,270,-106.524
8,11.7,16,6,-85.7919,14,-100.792,11,-95.7919,9,54.2081,-57.7919,65,0.296,0,100,270,-100.792
6,11.7072,5,5,-83.3846,10,-96.3846,7,-93.3846,5,56.6154,-53.3846,70,0,0,100,0,-96.3846,SECONDARY_CHANGE
8,11.7072,7,5,-87.5408,18,-104.541,13,-97.5408,13,52.4592,-61.5408,65,0,0,100,0,-104.541,SECONDARY_CHANGE
9,11.8,17,6,-105.769,9,-119.769,9,-115.769,4,34.2311,-76.7689,70,0.368,0,100,270,-119.769
10,11.9,18,5,-64.2353,24,-76.2353,15,-74.2353,19,75.7647,-33.2353,60,0.336,0,100,270,-76.2353
1,12,9,5,-115.771,11,-132.771,11,-125.771,6,24.2287,-89.7713,60,0.28,0,100,270,-132.771
2,12.1,10,4,-92.1238,9,-104.124,9,-102.124,4,47.8762,-61.1238,65,0.272,0,100,270,-104.124
1,12.1072,0,4,-91.0307,7,-103.031,7,-101.031,2,48.9693,-60.0307,60,0,0,100,0,-103.031,SECONDARY_CHANGE
3,12.2,11,4,-115.872,10,-128.872,9,-125.872,5,24.1278,-85.8722,70,0.408,0,100,270,-128.872
4,12.3,12,4,-93.6505,5,-106.651,7,-103.651,0,46.3495,-63.6505,60,0.352,0,100,270,-106.651
5,12.4,13,4,-97.2323,8,-111.232,9,-107.232,3,42.7677,-68.2323,65,0.408,0,100,90,-111.232
6,12.5,14,5,-96.2325,9,-110.232,9,-106.232,4,43.7675,-67.2325,70,0.392,0,100,270,-110.232
7,12.6,15,4,-112.707,6,-129.707,9,-122.707,1,27.2926,-86.7074,60,0.4,0,100,270,-129.707
8,12.7,16,5,-92.7107,7,-108.711,9,-102.711,2,47.2893,-65.7107,65,0.4,0,100,270,-108.711
9,12.8,17,6,-88.5668,14,-102.567,11,-98.5668,9,51.4332,-59.5668,70,0.384,0,100,270,-102.567
10,12.9,18,5,-96.6338,8,-113.634,9,-106.634,3,43.3662,-70.6338,60,0.392,0,100,270,-113.634
1,13,9,4,-90.6992,10,-102.699,9,-100.699,5,49.3008,-59.6992,60,0.392,0,100,270,-102.699
2,13.1,10,4,-112.896,14,-128.896,11,-122.896,9,27.1035,-85.8965,65,0.4,0,100,270,-128.896
3,13.2,11,4,-116.894,10,-129.894,9,-126.894,5,23.1064,-86.8936,70,0.4,0,100,90,-129.894
4,13.3,12,4,-112.057,9,-125.057,9,-122.057,4,27.9431,-82.0569,60,0.4,0,100,270,-125.057
5,13.4,13,4,-94.95,9,-107.95,9,-104.95,4,45.05,-64.95,65,0.4,0,100,90,-107.95
6,13.5,14,5,-111.351,9,-126.351,9,-121.351,4,28.6491,-83.3509,70,0.344,0,100,270,-126.351
7,13.6,15,4,-108.423,11,-124.423,11,-118.423,6,31.5769,-81.4231,60,0.4,0,100,90,-124.423
8,13.7,16,5,-111.882,7,-124.882,9,-121.882,2,28.1182,-81.8818,65,0.36,0,100,270,-124.882
6,13.7072,5,4,-87.9922,19,-99.9922,13,-97.9922,14,52.0078,-56.9922,70,0,0,100,0,-99.9922,SECONDARY_CHANGE
9,13.8,17,6,-105.099,13,-117.099,11,-115.099,8,34.901,-74.099,70,0.4,0,100,270,-117.099
10,13.9,18,5,-108.992,13,-120.992,11,-118.992,8,31.0083,-77.9917,60,0.296,0,100,270,-120.992
1,14,9,4,-110.398,8,-124.398,9,-120.398,3,29.6015,-81.3985,60,0.4,0,100,90,-124.398
2,14.1,10,4,-118.347,13,-131.347,11,-128.347,8,21.6525,-88.3475,65,0.408,0,100,270,-131.347
8,14.1072,7,4,-90.9989,12,-102.999,11,-100.999,7,49.0011,-59.9989,65,0,0,100,0,-102.999,SECONDARY_CHANGE
10,14.1072,9,4,-87.0307,19,-101.031,13,-97.0307,14,52.9693,-58.0307,60,0,0,100,0,-101.031,SECONDARY_CHANGE
3,14.2,11,4,-111.337,13,-123.337,11,-121.337,8,28.6626,-80.3374,70,0.392,0,100,90,-123.337
4,14.3,12,4,-98.0601,5,-115.06,7,-108.06,0,41.9399,-72.0601,60,0.408,0,100,90,-115.06
5,14.4,13,4,-111.462,8,-124.462,9,-121.462,3,28.5385,-81.4615,65,0.384,0,100,90,-124.462
6,14.5,14,4,-94.1899,7,-111.19,9,-104.19,2,45.8101,-68.1899,70,0.36,0,100,270,-111.19
7,14.6,15,4,-79.1145,17,-94.1145,13,-89.1145,12,60.8855,-51.1145,60,0.392,0,100,90,-94.1145
8,14.7,16,4,-86.5337,18,-99.5337,13,-96.5337,13,53.4663,-56.5337,65,0.288,0,100,270,-99.5337
9,14.8,17,6,-111.702,11,-126.702,11,-121.702,6,28.2979,-83.7021,70,0.376,0,100,270,-126.702
10,14.9,18,4,-93.3074,6,-107.307,9,-103.307,1,46.6926,-64.3074,60,0.36,0,100,270,-107.307
5,14.9072,4,5,-92.8493,13,-106.849,11,-102.849,8,47.1507,-63.8493,65,0,0,100,0,-106.849,SECONDARY_CHANGE
9,14.9072,8,5,-87.4799,18,-101.48,13,-97.4799,13,52.5201,-58.4799,70,0,0,100,0,-101.48,SECONDARY_CHANGE
1,15,9,4,-90.6992,9,-104.699,9,-100.699,4,49.3008,-61.6992,60,0.408,0,100,90,-104.699
2,15.1,10,4,-112.99,8,-125.99,9,-122.99,3,27.0097,-82.9903,65,0.392,0,100,90,-125.99
3,15.2,11,4,-82.191,18,-96.191,13,-92.191,13,57.809,-53.191,70,0.4,0,100,90,-96.191
4,15.3,12,4,-73.6081,16,-87.6081,13,-83.6081,11,66.3919,-44.6081,60,0.392,0,100,90,-87.6081
5,15.4,13,5,-79.0269,24,-91.0269,15,-89.0269,19,60.9731,-48.0269,65,0.296,0,100,90,-91.0269
6,15.5,14,4,-115.012,9,-132.012,9,-125.012,4,24.9875,-89.0125,70,0.4,0,100,270,-132.012
7,15.6,15,4,-94.1965,10,-108.197,9,-104.197,5,45.8035,-65.1965,60,0.4,0,100,90,-108.197
8,15.7,16,4,-100.32,14,-112.32,11,-110.32,9,39.6802,-69.3198,65,0.4,0,100,90,-112.32
9,15.8,17,5,-95.5124,10,-107.512,9,-105.512,5,44.4876,-64.5124,70,0.392,0,100,270,-107.512
10,15.9,18,4,-103.35,10,-120.35,9,-113.35,5,36.6502,-77.3498,60,0.4,0,100,270,-120.35
1,16,9,4,-89.6992,18,-105.699,13,-99.6992,13,50.3008,-62.6992,60,0.392,0,100,90,-105.699
2,16.1,10,4,-109.459,14,-126.459,11,-119.459,9,30.5405,-83.4595,65,0.408,0,100,90,-126.459
3,16.2,11,4,-101.924,7,-117.924,9,-111.924,2,38.0755,-74.9245,70,0.4,0,100,90,-117.924
4,16.3,12,4,-104.138,9,-121.138,9,-114.138,4,35.8622,-78.1378,60,0.408,0,100,90,-121.138
5,16.4,13,5,-101.959,7,-117.959,9,-111.959,2,38.0411,-74.9589,65,0.4,0,100,90,-117.959
6,16.5,14,4,-120,14,-135,11,-130,9,20,-92,70,0.4,0,100,90,-135
7,16.6,15,4,-109.886,6,-123.886,9,-119.886,1,30.1143,-80.8857,60,0.384,0,100,90,-123.886
8,16.7,16,4,-80.0086,17,-92.0086,13,-90.0086,12,59.9914,-49.0086,65,0.4,0,100,90,-92.0086
9,16.8,17,5,-114.479,6,-131.479,9,-124.479,1,25.5213,-88.4787,70,0.304,0,100,270,-131.479
10,16.9,18,4,-105.379,10,-117.379,9,-115.379,5,34.6205,-74.3795,60,0.4,0,100,90,-117.379
7,16.9072,6,5,-88.2689,17,-103.269,13,-98.2689,12,51.7311,-60.2689,60,0,0,100,0,-103.269,SECONDARY_CHANGE
1,17,9,4,-109.398,11,-121.398,11,-119.398,6,30.6015,-78.3985,60,0.4,0,100,90,-121.398
2,17.1,10,4,-80.1328,14,-97.1328,11,-90.1328,9,59.8672,-54.1328,65,0.4,0,100,90,-97.1328
9,17.1072,8,4,-85.0405,18,-100.041,13,-95.0405,13,54.9595,-57.0405,70,0,0,100,0,-100.041,SECONDARY_CHANGE
3,17.1072,2,5,-94.75,5,-110.75,7,-104.75,0,45.25,-67.75,70,0,0,100,0,-110.75,SECONDARY_CHANGE
3,17.2,11,5,-88.2958,14,-100.296,11,-98.2958,9,51.7042,-57.2958,70,0.304,0,100,90,-100.296
4,17.3,12,4,-85.9848,18,-99.9848,13,-95.9848,13,54.0152,-56.9848,60,0.28,0,100,90,-99.9848
4,17.3072,3,5,-82.6827,10,-94.6827,7,-92.6827,5,57.3173,-51.6827,60,0,0,100,0,-94.6827,SECONDARY_CHANGE
5,17.3072,4,6,-81.9797,11,-97.9797,11,-91.9797,6,58.0203,-54.9797,65,0,0,100,0,-97.9797,SECONDARY_CHANGE
5,17.4,13,6,-84.5094,13,-101.509,11,-94.5094,8,55.4906,-58.5094,65,0.248,0,100,90,-101.509
6,17.5,14,4,-109.012,7,-122.012,9,-119.012,2,30.9875,-79.0125,70,0.4,0,100,90,-122.012
1,17.5072,0,5,-90.4783,10,-102.478,7,-100.478,5,49.5217,-59.4783,60,0,0,100,0,-102.478,SECONDARY_CHANGE
7,17.6,15,5,-85.1442,12,-99.1442,11,-95.1442,7,54.8558,-56.1442,60,0.344,0,100,90,-99.1442
8,17.7,16,4,-100.838,14,-114.838,11,-110.838,9,39.162,-71.838,65,0.392,0,100,90,-114.838
9,17.8,17,4,-92.515,10,-106.515,9,-102.515,5,47.485,-63.515,70,0.312,0,100,270,-106.515
10,17.9,18,4,-98.4706,8,-112.471,9,-108.471,3,41.5294,-69.4706,60,0.392,0,100,90,-112.471
1,18,9,5,-38,28,-54,15,-48,23,102,-11,60,0.304,0,100,90,-54
2,18.1,10,4,-100.556,9,-116.556,9,-110.556,4,39.4439,-73.5561,65,0.392,0,100,90,-116.556
3,18.2,11,5,-100.611,11,-115.611,11,-110.611,6,39.3892,-72.6108,70,0.4,0,100,90,-115.611
4,18.3,12,5,-100.292,12,-113.292,11,-110.292,7,39.7076,-70.2924,60,0.4,0,100,90,-113.292
5,18.4,13,6,-101.425,12,-114.425,11,-111.425,7,38.5749,-71.4251,65,0.4,0,100,90,-114.425
6,18.5,14,4,-93.1899,8,-110.19,9,-103.19,3,46.8101,-67.1899,70,0.4,0,100,90,-110.19
7,18.6,15,5,-107.828,8,-121.828,9,-117.828,3,32.1715,-78.8285,60,0.4,0,100,90,-121.828
8,18.7,16,4,-81.605,13,-96.605,11,-91.605,8,58.395,-53.605,65,0.184,0,100,90,-96.605
8,18.7072,7,5,-81.2699,17,-93.2699,13,-91.2699,12,58.7301,-50.2699,65,0,0,100,0,-93.2699,SECONDARY_CHANGE
9,18.8,17,4,-87.191,19,-102.191,13,-97.191,14,52.809,-59.191,70,0.4,0,100,90,-102.191
10,18.9,18,4,-93.3074,13,-106.307,11,-103.307,8,46.6926,-63.3074,60,0.4,0,100,90,-106.307
1,19,9,5,-99.2353,13,-116.235,11,-109.235,8,40.7647,-73.2353,60,0.392,0,100,90,-116.235
2,19.1,10,4,-114.011,12,-131.011,11,-124.011,7,25.9885,-88.0115,65,0.256,0,100,90,-131.011
3,19.2,11,5,-117.465,13,-132.465,11,-127.465,8,22.5351,-89.4649,70,0.296,0,100,90,-132.465
4,19.3,12,5,-114.693,12,-127.693,11,-124.693,7,25.3071,-84.6929,60,0.408,0,100,90,-127.693
2,19.3072,1,5,-79.9797,18,-96.9797,13,-89.9797,13,60.0203,-53.9797,65,0,0,100,0,-96.9797,SECONDARY_CHANGE
3,19.3072,2,6,-93.2327,8,-109.233,7,-103.233,3,46.7673,-66.2327,70,0,0,100,0,-109.233,SECONDARY_CHANGE
5,19.4,13,6,-110.949,7,-125.949,9,-120.949,2,29.0508,-82.9492,65,0.4,0,100,90,-125.949
6,19.5,14,4,-99.1899,7,-113.19,9,-109.19,2,40.8101,-70.1899,70,0.392,0,100,90,-113.19
7,19.5072,6,6,-89.2035,15,-106.203,11,-99.2035,10,50.7965,-63.2035,60,0,0,100,0,-106.203,SECONDARY_CHANGE
7,19.6,15,6,-84.1145,14,-101.114,11,-94.1145,9,55.8855,-58.1145,60,0.28,0,100,90,-101.114
8,19.7,16,5,-103.908,6,-116.908,9,-113.908,1,36.0925,-73.9075,65,0.4,0,100,90,-116.908
4,19.7072,3,6,-94.4137,12,-107.414,11,-104.414,7,45.5863,-64.4137,60,0,0,100,0,-107.414,SECONDARY_CHANGE
9,19.8,17,4,-111.337,5,-123.337,7,-121.337,0,28.6626,-80.3374,70,0.4,0,100,90,-123.337
10,19.9,18,4,-104.35,6,-121.35,9,-114.35,1,35.6502,-78.3498,60,0.4,0,100,90,-121.35
1,20,9,5,-111.771,7,-127.771,9,-121.771,2,28.2287,-84.7713,60,0.28,0,100,270,-127.771
2,20.1,10,5,-99.2303,11,-114.23,11,-109.23,6,40.7697,-71.2303,65,0.352,0,100,90,-114.23
1,20.1072,0,6,-95.6523,5,-109.652,7,-105.652,0,44.3477,-66.6523,60,0,0,100,0,-109.652,SECONDARY_CHANGE
3,20.2,11,6,-95.9483,5,-110.948,7,-105.948,0,44.0517,-67.9483,70,0.4,0,100,90,-110.948
4,20.3,12,6,-74.6081,24,-90.6081,15,-84.6081,19,65.3919,-47.6081,60,0.328,0,100,90,-90.6081
5,20.4,13,6,-112.491,11,-125.491,11,-122.491,6,27.5091,-82.4909,65,0.408,0,100,270,-125.491
6,20.5,14,4,-112.012,8,-124.012,9,-122.012,3,27.9875,-81.0125,70,0.376,0,100,90,-124.012
10,20.5072,9,5,-89.4783,17,-102.478,13,-99.4783,12,50.5217,-59.4783,60,0,0,100,0,-102.478,SECONDARY_CHANGE
7,20.6,15,6,-99.1965,6,-114.197,9,-109.197,1,40.8035,-71.1965,60,0.4,0,100,90,-114.197
8,20.7,16,5,-110.247,11,-126.247,11,-120.247,6,29.7529,-83.2471,65,0.328,0,100,90,-126.247
9,20.7072,8,5,-92.3846,10,-104.385,7,-102.385,5,47.6154,-61.3846,70,0,0,100,0,-104.385,SECONDARY_CHANGE
9,20.8,17,5,-87.8341,14,-102.834,11,-97.8341,9,52.1659,-59.8341,70,0.232,0,100,90,-102.834
10,20.9,18,5,-71.2353,19,-88.2353,13,-81.2353,14,68.7647,-45.2353,60,0.296,0,100,90,-88.2353
6,20.9072,5,5,-93.4799,10,-108.48,7,-103.48,5,46.5201,-65.4799,70,0,0,100,0,-108.48,SECONDARY_CHANGE
8,20.9072,7,6,-88.8493,18,-101.849,13,-98.8493,13,51.1507,-58.8493,65,0,0,100,0,-101.849,SECONDARY_CHANGE
1,21,9,6,-110.398,10,-124.398,9,-120.398,5,29.6015,-81.3985,60,0.392,0,100,270,-124.398
2,21.1,10,5,-113.3,7,-127.3,9,-123.3,2,26.7003,-84.2997,65,0.392,0,100,90,-127.3
3,21.2,11,6,-106.108,8,-120.108,9,-116.108,3,33.8922,-77.1078,70,0.4,0,100,270,-120.108
4,21.3,12,6,-105.138,8,-121.138,9,-115.138,3,34.8622,-78.1378,60,0.392,0,100,90,-121.138
5,21.4,13,6,-103.518,8,-118.518,9,-113.518,3,36.4823,-75.5177,65,0.4,0,100,270,-118.518
6,21.5,14,5,-93.6877,8,-107.688,9,-103.688,3,46.3123,-64.6877,70,0.288,0,100,90,-107.688
1,21.5072,0,5,-87.4783,12,-104.478,11,-97.4783,7,52.5217,-61.4783,60,0,0,100,0,-104.478,SECONDARY_CHANGE
2,21.5072,1,6,-88.43,19,-102.43,13,-98.43,14,51.57,-59.43,65,0,0,100,0,-102.43,SECONDARY_CHANGE
7,21.6,15,6,-98.6018,9,-112.602,9,-108.602,4,41.3982,-69.6018,60,0.4,0,100,270,-112.602
8,21.7,16,6,-90.7265,10,-104.726,9,-100.726,5,49.2735,-61.7265,65,0.352,0,100,90,-104.726
9,21.8,17,5,-102.352,8,-117.352,9,-112.352,3,37.6483,-74.3517,70,0.4,0,100,90,-117.352
10,21.9,18,5,-102.634,13,-115.634,11,-112.634,8,37.3662,-72.6338,60,0.392,0,100,90,-115.634
1,22,9,5,-40,20,-53,13,-50,15,100,-10,60,0.28,0,100,270,-53
2,22.1,10,6,-81.9896,16,-94.9896,13,-91.9896,11,58.0104,-51.9896,65,0.272,0,100,90,-94.9896
3,22.2,11,6,-91.2958,5,-108.296,7,-101.296,0,48.7042,-65.2958,70,0.4,0,100,270,-108.296
4,22.3,12,6,-89.6802,14,-101.68,11,-99.6802,9,50.3198,-58.6802,60,0.4,0,100,270,-101.68
5,22.4,13,6,-80.128,13,-95.128,11,-90.128,8,59.872,-52.128,65,0.4,0,100,270,-95.128
6,22.5,14,5,-109.55,8,-122.55,9,-119.55,3,30.4501,-79.5499,70,0.4,0,100,90,-122.55
7,22.6,15,6,-90.5241,10,-103.524,9,-100.524,5,49.4759,-60.5241,60,0.4,0,100,270,-103.524
8,22.7,16,6,-114.383,8,-126.383,9,-124.383,3,25.617,-83.383,65,0.4,0,100,90,-126.383
9,22.7072,8,6,-90.9922,10,-104.992,7,-100.992,5,49.0078,-61.9922,70,0,0,100,0,-104.992,SECONDARY_CHANGE
9,22.8,17,6,-84.5668,10,-97.5668,9,-94.5668,5,55.4332,-54.5668,70,0.264,0,100,90,-97.5668
10,22.9,18,5,-109.992,8,-123.992,9,-119.992,3,30.0083,-80.9917,60,0.304,0,100,90,-123.992
1,23,9,5,-100.235,6,-112.235,9,-110.235,1,39.7647,-69.2353,60,0.392,0,100,270,-112.235
2,23.1,10,6,-107.004,11,-119.004,11,-117.004,6,32.9959,-76.0041,65,0.408,0,100,90,-119.004
6,23.1072,5,6,-88.0405,18,-100.041,13,-98.0405,13,51.9595,-57.0405,70,0,0,100,0,-100.041,SECONDARY_CHANGE
10,23.1072,9,6,-92.0307,7,-104.031,7,-102.031,2,47.9693,-61.0307,60,0,0,100,0,-104.031,SECONDARY_CHANGE
3,23.2,11,6,-100.611,6,-113.611,9,-110.611,1,39.3892,-70.6108,70,0.392,0,100,270,-113.611
4,23.3,12,6,-95.6505,7,-109.651,9,-105.651,2,44.3495,-66.6505,60,0.408,0,100,270,-109.651
5,23.4,13,6,-100.688,5,-112.688,7,-110.688,0,39.3119,-69.6881,65,0.392,0,100,270,-112.688
6,23.5,14,6,-90.9279,13,-104.928,11,-100.928,8,49.0721,-61.9279,70,0.208,0,100,90,-104.928
7,23.6,15,6,-112.707,12,-129.707,11,-122.707,7,27.2926,-86.7074,60,0.4,0,100,270,-129.707
8,23.7,16,6,-119.547,8,-131.547,9,-129.547,3,20.4528,-88.5472,65,0.408,0,100,270,-131.547
9,23.8,17,6,-103.099,7,-116.099,9,-113.099,2,36.901,-73.099,70,0.408,0,100,90,-116.099
10,23.9,18,6,-86.3074,12,-100.307,11,-96.3074,7,53.6926,-57.3074,60,0.36,0,100,90,-100.307
1,24,9,5,-112.771,9,-124.771,9,-122.771,4,27.2287,-81.7713,60,0.272,0,100,270,-124.771
2,24.1,10,6,-116.84,13,-131.84,11,-126.84,8,23.1604,-88.8396,65,0.4,0,100,90,-131.84
1,24.1072,0,4,-87.0307,18,-101.031,13,-97.0307,13,52.9693,-58.0307,60,0,0,100,0,-101.031,SECONDARY_CHANGE
3,24.2,11,6,-109.465,7,-123.465,9,-119.465,2,30.5351,-80.4649,70,0.312,0,100,270,-123.465
4,24.3,12,6,-110.057,13,-127.057,11,-120.057,8,29.9431,-84.0569,60,0.4,0,100,270,-127.057
3,24.3072,2,5,-92.2327,7,-106.233,7,-102.233,2,47.7673,-63.2327,70,0,0,100,0,-106.233,SECONDARY_CHANGE
7,24.3072,6,5,-89.6827,15,-101.683,11,-99.6827,10,50.3173,-58.6827,60,0,0,100,0,-101.683,SECONDARY_CHANGE
5,24.4,13,6,-117.561,10,-134.561,9,-127.561,5,22.4393,-91.5607,65,0.264,0,100,270,-134.561
6,24.5,14,6,-105.939,11,-118.939,11,-115.939,6,34.0608,-75.9392,70,0.4,0,100,270,-118.939
5,24.5072,4,5,-81.3447,11,-97.3447,11,-91.3447,6,58.6553,-54.3447,65,0,0,100,0,-97.3447,SECONDARY_CHANGE
7,24.6,15,5,-63.0721,23,-76.0721,15,-73.0721,18,76.9279,-33.0721,60,0.32,0,100,270,-76.0721
8,24.7,16,6,-102.625,13,-117.625,11,-112.625,8,37.3748,-74.6252,65,0.4,0,100,270,-117.625
9,24.8,17,6,-87.5668,10,-100.567,9,-97.5668,5,52.4332,-57.5668,70,0.392,0,100,270,-100.567
10,24.9,18,6,-95.4706,9,-107.471,9,-105.471,4,44.5294,-64.4706,60,0.392,0,100,270,-107.471
4,24.9072,3,5,-86.2689,16,-101.269,13,-96.2689,11,53.7311,-58.2689,60,0,0,100,0,-101.269,SECONDARY_CHANGE
1,25,9,4,-88.6992,12,-105.699,11,-98.6992,7,51.3008,-62.6992,60,0.392,0,100,270,-105.699
2,25.1,10,6,-118.434,14,-133.434,11,-128.434,9,21.5656,-90.4344,65,0.392,0,100,270,-133.434
3,25.2,11,5,-97.9483,11,-109.948,11,-107.948,6,42.0517,-66.9483,70,0.392,0,100,270,-109.948
4,25.3,12,5,-51.536,29,-64.536,15,-61.536,24,88.464,-21.536,60,0.304,0,100,270,-64.536
5,25.4,13,5,-101.887,14,-117.887,11,-111.887,9,38.1134,-74.8866,65,0.392,0,100,270,-117.887
6,25.5,14,6,-90.9279,9,-107.928,9,-100.928,4,49.0721,-64.9279,70,0.4,0,100,270,-107.928
7,25.6,15,5,-98.1866,11,-115.187,11,-108.187,6,41.8134,-72.1866,60,0.392,0,100,270,-115.187
8,25.7,16,6,-74.4015,18,-91.4015,13,-84.4015,13,65.5985,-48.4015,65,0.4,0,100,270,-91.4015
9,25.8,17,6,-100.099,7,-117.099,9,-110.099,2,39.901,-74.099,70,0.4,0,100,270,-117.099
10,25.9,18,6,-91.3074,10,-104.307,9,-101.307,5,48.6926,-61.3074,60,0.4,0,100,270,-104.307
1,26,9,4,-113.398,5,-126.398,7,-123.398,0,26.6015,-83.3985,60,0.4,0,100,90,-126.398
2,26.1,10,6,-105.409,6,-117.409,9,-115.409,1,34.5906,-74.4094,65,0.4,0,100,270,-117.409
3,26.2,11,5,-114.222,9,-129.222,9,-124.222,4,25.7779,-86.2221,70,0.336,0,100,270,-129.222
4,26.3,12,5,-105.72,8,-118.72,9,-115.72,3,34.28,-75.72,60,0.392,0,100,270,-118.72
5,26.4,13,5,-115.953,7,-132.953,9,-125.953,2,24.047,-89.953,65,0.384,0,100,270,-132.953
6,26.5,14,6,-105.857,10,-120.857,9,-115.857,5,34.1434,-77.8566,70,0.4,0,100,270,-120.857
3,26.5072,2,4,-87.7446,14,-102.745,11,-97.7446,9,52.2554,-59.7446,70,0,0,100,0,-102.745,SECONDARY_CHANGE
7,26.6,15,5,-115.256,6,-131.256,9,-125.256,1,24.744,-88.256,60,0.312,0,100,270,-131.256
8,26.7,16,6,-100.566,9,-116.566,9,-110.566,4,39.4337,-73.5663,65,0.4,0,100,270,-116.566
5,26.7072,4,4,-93.5408,10,-109.541,7,-103.541,5,46.4592,-66.5408,65,0,0,100,0,-109.541,SECONDARY_CHANGE
7,26.7072,6,4,-88.4137,15,-102.414,11,-98.4137,10,51.5863,-59.4137,60,0,0,100,0,-102.414,SECONDARY_CHANGE
9,26.8,17,6,-109.702,12,-121.702,11,-119.702,7,30.2979,-78.7021,70,0.288,0,100,270,-121.702
10,26.9,18,6,-109.35,9,-125.35,9,-119.35,4,30.6502,-82.3498,60,0.392,0,100,270,-125.35
9,26.9072,8,5,-87.4799,17,-100.48,13,-97.4799,12,52.5201,-57.4799,70,0,0,100,0,-100.48,SECONDARY_CHANGE
1,27,9,4,-94.6992,6,-108.699,9,-104.699,1,45.3008,-65.6992,60,0.408,0,100,90,-108.699
2,27.1,10,6,-74.8783,15,-87.8783,11,-84.8783,10,65.1217,-44.8783,65,0.408,0,100,270,-87.8783
3,27.2,11,4,-98.8602,10,-113.86,9,-108.86,5,41.1398,-70.8602,70,0.32,0,100,270,-113.86
4,27.3,12,5,-111.516,5,-128.516,7,-121.516,0,28.4841,-85.5159,60,0.288,0,100,270,-128.516
5,27.4,13,4,-92.831,9,-107.831,9,-102.831,4,47.169,-64.831,65,0.32,0,100,270,-107.831
6,27.5,14,6,-112.584,5,-128.584,7,-122.584,0,27.416,-85.584,70,0.256,0,100,270,-128.584
4,27.5072,3,4,-88.2035,18,-103.203,13,-98.2035,13,51.7965,-60.2035,60,0,0,100,0,-103.203,SECONDARY_CHANGE
10,27.5072,9,5,-87.4783,10,-104.478,7,-97.4783,5,52.5217,-61.4783,60,0,0,100,0,-104.478,SECONDARY_CHANGE
7,27.6,15,4,-88.5241,18,-100.524,13,-98.5241,13,51.4759,-57.5241,60,0.4,0,100,270,-100.524
8,27.7,16,6,-91.7919,13,-108.792,11,-101.792,8,48.2081,-65.7919,65,0.272,0,100,270,-108.792
6,27.7072,5,5,-90.3846,5,-105.385,7,-100.385,0,49.6154,-62.3846,70,0,0,100,0,-105.385,SECONDARY_CHANGE
8,27.7072,7,5,-89.5408,15,-105.541,11,-99.5408,10,50.4592,-62.5408,65,0,0,100,0,-105.541,SECONDARY_CHANGE
9,27.8,17,5,-99.5124,12,-115.512,11,-109.512,7,40.4876,-72.5124,70,0.392,0,100,270,-115.512
10,27.9,18,5,-69.2353,22,-81.2353,15,-79.2353,17,70.7647,-38.2353,60,0.312,0,100,270,-81.2353
1,28,9,4,-93.6992,12,-109.699,11,-103.699,7,46.3008,-66.6992,60,0.4,0,100,90,-109.699
2,28.1,10,6,-100.809,11,-115.809,11,-110.809,6,39.191,-72.809,65,0.392,0,100,270,-115.809
3,28.2,11,4,-106.872,6,-119.872,9,-116.872,1,33.1278,-76.8722,70,0.4,0,100,270,-119.872
4,28.3,12,4,-86.6505,18,-100.651,13,-96.6505,13,53.3495,-57.6505,60,0.352,0,100,270,-100.651
5,28.4,13,4,-90.2323,13,-104.232,11,-100.232,8,49.7677,-61.2323,65,0.4,0,100,90,-104.232
6,28.5,14,5,-104.232,12,-121.232,11,-114.232,7,35.7675,-78.2325,70,0.352,0,100,270,-121.232
7,28.6,15,4,-112.707,14,-124.707,11,-122.707,9,27.2926,-81.7074,60,0.392,0,100,270,-124.707
8,28.7,16,5,-99.7107,12,-112.711,11,-109.711,7,40.2893,-69.7107,65,0.4,0,100,270,-112.711
9,28.8,17,5,-110.479,12,-127.479,11,-120.479,7,29.5213,-84.4787,70,0.32,0,100,270,-127.479
10,28.9,18,5,-99.6338,12,-115.634,11,-109.634,7,40.3662,-72.6338,60,0.392,0,100,270,-115.634
1,29,9,4,-112.398,13,-125.398,11,-122.398,8,27.6015,-82.3985,60,0.4,0,100,90,-125.398
2,29.1,10,6,-86.2522,15,-100.252,11,-96.2522,10,53.7478,-57.2522,65,0.256,0,100,270,-100.252
9,29.1072,8,4,-87.0405,16,-104.041,13,-97.0405,11,52.9595,-61.0405,70,0,0,100,0,-104.041,SECONDARY_CHANGE
2,29.1072,1,5,-85.9936,18,-99.9936,13,-95.9936,13,54.0064,-56.9936,65,0,0,100,0,-99.9936,SECONDARY_CHANGE
3,29.2,11,4,-112.894,13,-129.894,11,-122.894,8,27.1064,-86.8936,70,0.408,0,100,90,-129.894
4,29.3,12,4,-106.057,7,-119.057,9,-116.057,2,33.9431,-76.0569,60,0.4,0,100,270,-119.057
5,29.4,13,4,-93.95,5,-106.95,7,-103.95,0,46.05,-63.95,65,0.4,0,100,90,-106.95
6,29.5,14,5,-112.351,8,-129.351,9,-122.351,3,27.6491,-86.3509,70,0.352,0,100,270,-129.351
1,29.5072,0,5,-94.4783,7,-107.478,7,-104.478,2,45.5217,-64.4783,60,0,0,100,0,-107.478,SECONDARY_CHANGE
7,29.6,15,4,-109.423,9,-126.423,9,-119.423,4,30.5769,-83.4231,60,0.4,0,100,90,-126.423
8,29.7,16,5,-106.882,6,-122.882,9,-116.882,1,33.1182,-79.8818,65,0.376,0,100,270,-122.882
6,29.7072,5,4,-86.9922,17,-103.992,13,-96.9922,12,53.0078,-60.9922,70,0,0,100,0,-103.992,SECONDARY_CHANGE
9,29.8,17,4,-97.515,7,-114.515,9,-107.515,2,42.485,-71.515,70,0.312,0,100,270,-114.515
10,29.9,18,5,-114.992,11,-127.992,11,-124.992,6,25.0083,-84.9917,60,0.312,0,100,270,-127.992
1,30,9,5,-43,22,-59,15,-53,17,97,-16,60,0.328,0,100,90,-59
2,30.1,10,5,-94.802,12,-111.802,11,-104.802,7,45.198,-68.802,65,0.4,0,100,90,-111.802
8,30.1072,7,4,-86.9989,15,-103.999,11,-96.9989,10,53.0011,-60.9989,65,0,0,100,0,-103.999,SECONDARY_CHANGE
10,30.1072,9,4,-87.0307,14,-102.031,11,-97.0307,9,52.9693,-59.0307,60,0,0,100,0,-102.031,SECONDARY_CHANGE
3,30.2,11,4,-111.337,6,-124.337,9,-121.337,1,28.6626,-81.3374,70,0.4,0,100,90,-124.337
4,30.3,12,4,-103.06,12,-120.06,11,-113.06,7,36.9399,-77.0601,60,0.4,0,100,90,-120.06
5,30.4,13,4,-105.462,6,-121.462,9,-115.462,1,34.5385,-78.4615,65,0.408,0,100,90,-121.462
6,30.5,14,4,-101.19,11,-116.19,11,-111.19,6,38.8101,-73.1899,70,0.352,0,100,270,-116.19
7,30.6,15,4,-85.1145,10,-102.114,9,-95.1145,5,54.8855,-59.1145,60,0.408,0,100,90,-102.114
8,30.7,16,4,-90.5337,6,-103.534,9,-100.534,1,49.4663,-60.5337,65,0.28,0,100,270,-103.534
9,30.8,17,4,-82.191,11,-95.191,11,-92.191,6,57.809,-52.191,70,0.408,0,100,90,-95.191
10,30.9,18,4,-90.3074,7,-103.307,9,-100.307,2,49.6926,-60.3074,60,0.36,0,100,270,-103.307
5,30.9072,4,5,-92.8493,13,-106.849,11,-102.849,8,47.1507,-63.8493,65,0,0,100,0,-106.849,SECONDARY_CHANGE
1,31,9,5,-100.235,14,-112.235,11,-110.235,9,39.7647,-69.2353,60,0.392,0,100,90,-112.235
2,31.1,10,5,-98.2303,9,-112.23,9,-108.23,4,41.7697,-69.2303,65,0.4,0,100,90,-112.23
3,31.2,11,4,-86.191,11,-101.191,11,-96.191,6,53.809,-58.191,70,0.4,0,100,90,-101.191
4,31.3,12,4,-74.6081,24,-88.6081,15,-84.6081,19,65.3919,-45.6081,60,0.408,0,100,90,-88.6081
5,31.4,13,5,-80.0269,16,-94.0269,13,-90.0269,11,59.9731,-51.0269,65,0.272,0,100,90,-94.0269
6,31.5,14,4,-112.012,14,-124.012,11,-122.012,9,27.9875,-81.0125,70,0.4,0,100,270,-124.012
7,31.6,15,4,-99.1965,9,-116.197,9,-109.197,4,40.8035,-73.1965,60,0.392,0,100,90,-116.197
8,31.7,16,4,-101.32,8,-115.32,9,-111.32,3,38.6802,-72.3198,65,0.4,0,100,90,-115.32
9,31.8,17,4,-102.337,10,-115.337,9,-112.337,5,37.6626,-72.3374,70,0.392,0,100,90,-115.337
10,31.9,18,4,-110.35,8,-123.35,9,-120.35,3,29.6502,-80.3498,60,0.4,0,100,270,-123.35
1,32,9,5,-117.771,14,-134.771,11,-127.771,9,22.2287,-91.7713,60,0.272,0,100,90,-134.771
2,32.1,10,5,-114.3,9,-127.3,9,-124.3,4,25.7003,-84.2997,65,0.384,0,100,90,-127.3
1,32.1072,0,6,-88.0307,15,-104.031,11,-98.0307,10,51.9693,-61.0307,60,0,0,100,0,-104.031,SECONDARY_CHANGE
3,32.2,11,4,-101.924,8,-118.924,9,-111.924,3,38.0755,-75.9245,70,0.4,0,100,90,-118.924
4,32.3,12,4,-101.138,10,-116.138,9,-111.138,5,38.8622,-73.1378,60,0.392,0,100,90,-116.138
5,32.4,13,5,-105.959,13,-118.959,11,-115.959,8,34.0411,-75.9589,65,0.4,0,100,90,-118.959
6,32.5,14,4,-117.605,8,-133.605,9,-127.605,3,22.395,-90.605,70,0.4,0,100,90,-133.605
2,32.5072,1,6,-90.43,6,-106.43,7,-100.43,1,49.57,-63.43,65,0,0,100,0,-106.43,SECONDARY_CHANGE
7,32.6,15,4,-107.886,5,-124.886,7,-117.886,0,32.1143,-81.8857,60,0.384,0,100,90,-124.886
8,32.7,16,4,-77.0086,16,-92.0086,13,-87.0086,11,62.9914,-49.0086,65,0.4,0,100,90,-92.0086
9,32.7072,8,5,-92.3846,5,-105.385,7,-102.385,0,47.6154,-62.3846,70,0,0,100,0,-105.385,SECONDARY_CHANGE
9,32.8,17,5,-90.8341,10,-104.834,9,-100.834,5,49.1659,-61.8341,70,0.256,0,100,90,-104.834
10,32.9,18,4,-110.379,9,-126.379,9,-120.379,4,29.6205,-83.3795,60,0.392,0,100,90,-126.379
7,32.9072,6,5,-85.2689,19,-100.269,13,-95.2689,14,54.7311,-57.2689,60,0,0,100,0,-100.269,SECONDARY_CHANGE
1,33,9,6,-92.6992,13,-107.699,11,-102.699,8,47.3008,-64.6992,60,0.392,0,100,90,-107.699
2,33.1,10,6,-88.9896,13,-100.99,11,-98.9896,8,51.0104,-57.9896,65,0.296,0,100,90,-100.99
3,33.1072,2,5,-87.75,13,-102.75,11,-97.75,8,52.25,-59.75,70,0,0,100,0,-102.75,SECONDARY_CHANGE
3,33.2,11,5,-90.2958,6,-106.296,9,-100.296,1,49.7042,-63.2958,70,0.32,0,100,90,-106.296
4,33.3,12,4,-86.9848,11,-98.9848,11,-96.9848,6,53.0152,-55.9848,60,0.264,0,100,90,-98.9848
4,33.3072,3,5,-84.6827,12,-100.683,11,-94.6827,7,55.3173,-57.6827,60,0,0,100,0,-100.683,SECONDARY_CHANGE
5,33.3072,4,6,-79.9797,23,-91.9797,15,-89.9797,18,60.0203,-48.9797,65,0,0,100,0,-91.9797,SECONDARY_CHANGE
5,33.4,13,6,-83.5094,14,-97.5094,11,-93.5094,9,56.4906,-54.5094,65,0.272,0,100,90,-97.5094
6,33.5,14,4,-109.012,11,-125.012,11,-119.012,6,30.9875,-82.0125,70,0.4,0,100,90,-125.012
7,33.6,15,5,-84.1442,17,-101.144,13,-94.1442,12,55.8558,-58.1442,60,0.336,0,100,90,-101.144
8,33.7,16,4,-107.838,12,-120.838,11,-117.838,7,32.162,-77.838,65,0.392,0,100,90,-120.838
9,33.8,17,5,-107.352,8,-122.352,9,-117.352,3,32.6483,-79.3517,70,0.408,0,100,90,-122.352
10,33.9,18,4,-92.4706,13,-104.471,11,-102.471,8,47.5294,-61.4706,60,0.4,0,100,90,-104.471
1,34,9,6,-112.398,11,-129.398,11,-122.398,6,27.6015,-86.3985,60,0.4,0,100,270,-129.398
2,34.1,10,6,-108.004,8,-120.004,9,-118.004,3,31.9959,-77.0041,65,0.4,0,100,90,-120.004
3,34.2,11,5,-101.611,10,-113.611,9,-111.611,5,38.3892,-70.6108,70,0.4,0,100,90,-113.611
4,34.3,12,5,-100.292,14,-115.292,11,-110.292,9,39.7076,-72.2924,60,0.4,0,100,90,-115.292
5,34.4,13,6,-98.4251,7,-114.425,9,-108.425,2,41.5749,-71.4251,65,0.4,0,100,90,-114.425
6,34.5,14,4,-97.1899,5,-110.19,7,-107.19,0,42.8101,-67.1899,70,0.4,0,100,90,-110.19
7,34.6,15,5,-109.828,5,-121.828,7,-119.828,0,30.1715,-78.8285,60,0.4,0,100,90,-121.828
8,34.7,16,4,-88.605,13,-102.605,11,-98.605,8,51.395,-59.605,65,0.224,0,100,90,-102.605
8,34.7072,7,5,-79.2699,23,-95.2699,15,-89.2699,18,60.7301,-52.2699,65,0,0,100,0,-95.2699,SECONDARY_CHANGE
9,34.7072,8,6,-92.9922,12,-106.992,11,-102.992,7,47.0078,-63.9922,70,0,0,100,0,-106.992,SECONDARY_CHANGE
9,34.8,17,6,-90.5668,5,-105.567,7,-100.567,0,49.4332,-62.5668,70,0.304,0,100,90,-105.567
10,34.9,18,4,-93.3074,5,-110.307,7,-103.307,0,46.6926,-67.3074,60,0.4,0,100,90,-110.307
1,35,9,6,-93.6992,13,-106.699,11,-103.699,8,46.3008,-63.6992,60,0.4,0,100,270,-106.699
2,35.1,10,6,-109.409,12,-124.409,11,-119.409,7,30.5906,-81.4094,65,0.4,0,100,270,-124.409
3,35.2,11,5,-109.465,5,-126.465,7,-119.465,0,30.5351,-83.4649,70,0.256,0,100,90,-126.465
4,35.3,12,5,-111.693,14,-126.693,11,-121.693,9,28.3071,-83.6929,60,0.384,0,100,90,-126.693
3,35.3072,2,6,-91.2327,9,-103.233,7,-101.233,4,48.7673,-60.2327,70,0,0,100,0,-103.233,SECONDARY_CHANGE
5,35.4,13,6,-111.949,7,-128.949,9,-121.949,2,28.0508,-85.9492,65,0.4,0,100,90,-128.949
6,35.5,14,4,-92.1899,8,-108.19,9,-102.19,3,47.8101,-65.1899,70,0.4,0,100,90,-108.19
7,35.5072,6,6,-90.2035,8,-107.203,7,-100.203,3,49.7965,-64.2035,60,0,0,100,0,-107.203,SECONDARY_CHANGE
7,35.6,15,6,-78.1145,19,-93.1145,13,-88.1145,14,61.8855,-50.1145,60,0.232,0,100,90,-93.1145
8,35.7,16,5,-95.9075,6,-112.908,9,-105.908,1,44.0925,-69.9075,65,0.4,0,100,90,-112.908
4,35.7072,3,6,-86.4137,12,-100.414,11,-96.4137,7,53.5863,-57.4137,60,0,0,100,0,-100.414,SECONDARY_CHANGE
9,35.8,17,6,-107.099,10,-123.099,9,-117.099,5,32.901,-80.099,70,0.408,0,100,90,-123.099
10,35.9,18,4,-103.35,11,-116.35,11,-113.35,6,36.6502,-73.3498,60,0.4,0,100,90,-116.35
1,36,9,6,-95.6992,9,-110.699,9,-105.699,4,44.3008,-67.6992,60,0.4,0,100,270,-110.699
2,36.1,10,6,-77.8783,17,-94.8783,13,-87.8783,12,62.1217,-51.8783,65,0.408,0,100,270,-94.8783
3,36.2,11,6,-96.9483,8,-113.948,9,-106.948,3,43.0517,-70.9483,70,0.4,0,100,90,-113.948
4,36.3,12,6,-67.6081,24,-83.6081,15,-77.6081,19,72.3919,-40.6081,60,0.296,0,100,90,-83.6081
5,36.4,13,6,-115.491,14,-129.491,11,-125.491,9,24.5091,-86.4909,65,0.408,0,100,270,-129.491
6,36.5,14,4,-107.012,13,-120.012,11,-117.012,8,32.9875,-77.0125,70,0.376,0,100,90,-120.012
10,36.5072,9,5,-93.4783,14,-105.478,11,-103.478,9,46.5217,-62.4783,60,0,0,100,0,-105.478,SECONDARY_CHANGE
7,36.6,15,6,-98.1965,8,-114.197,9,-108.197,3,41.8035,-71.1965,60,0.4,0,100,90,-114.197
8,36.7,16,5,-108.247,14,-122.247,11,-118.247,9,31.7529,-79.2471,65,0.312,0,100,90,-122.247
9,36.8,17,6,-88.5668,17,-105.567,13,-98.5668,12,51.4332,-62.5668,70,0.4,0,100,270,-105.567
10,36.9,18,5,-69.2353,20,-82.2353,13,-79.2353,15,70.7647,-39.2353,60,0.328,0,100,90,-82.2353
6,36.9072,5,5,-87.4799,17,-103.48,13,-97.4799,12,52.5201,-60.4799,70,0,0,100,0,-103.48,SECONDARY_CHANGE
8,36.9072,7,6,-90.8493,5,-103.849,7,-100.849,0,49.1507,-60.8493,65,0,0,100,0,-103.849,SECONDARY_CHANGE
1,37,9,6,-108.398,9,-122.398,9,-118.398,4,31.6015,-79.3985,60,0.4,0,100,270,-122.398
2,37.1,10,6,-106.809,14,-119.809,11,-116.809,9,33.191,-76.809,65,0.4,0,100,270,-119.809
3,37.2,11,6,-110.108,7,-126.108,9,-120.108,2,29.8922,-83.1078,70,0.4,0,100,270,-126.108
4,37.3,12,6,-108.138,10,-122.138,9,-118.138,5,31.8622,-79.1378,60,0.392,0,100,90,-122.138
5,37.4,13,6,-106.518,6,-123.518,9,-116.518,1,33.4823,-80.5177,65,0.4,0,100,270,-123.518
6,37.5,14,5,-89.6877,17,-103.688,13,-99.6877,12,50.3123,-60.6877,70,0.288,0,100,90,-103.688
1,37.5072,0,5,-96.4783,7,-113.478,7,-106.478,2,43.5217,-70.4783,60,0,0,100,0,-113.478,SECONDARY_CHANGE
7,37.6,15,6,-91.6018,6,-106.602,9,-101.602,1,48.3982,-63.6018,60,0.4,0,100,270,-106.602
8,37.7,16,6,-88.7265,13,-102.726,11,-98.7265,8,51.2735,-59.7265,65,0.36,0,100,90,-102.726
9,37.8,17,6,-101.099,9,-115.099,9,-111.099,4,38.901,-72.099,70,0.392,0,100,270,-115.099
10,37.9,18,5,-99.6338,12,-111.634,11,-109.634,7,40.3662,-68.6338,60,0.392,0,100,90,-111.634
1,38,9,5,-43,24,-56,15,-53,19,97,-13,60,0.352,0,100,270,-56
2,38.1,10,6,-93.2522,5,-107.252,7,-103.252,0,46.7478,-64.2522,65,0.304,0,100,270,-107.252
2,38.1072,1,5,-87.9936,14,-99.9936,11,-97.9936,9,52.0064,-56.9936,65,0,0,100,0,-99.9936,SECONDARY_CHANGE
3,38.2,11,6,-91.2958,8,-108.296,9,-101.296,3,48.7042,-65.2958,70,0.392,0,100,270,-108.296
4,38.3,12,6,-93.6802,7,-108.68,9,-103.68,2,46.3198,-65.6802,60,0.4,0,100,270,-108.68
5,38.4,13,6,-80.128,19,-95.128,13,-90.128,14,59.872,-52.128,65,0.4,0,100,270,-95.128
6,38.5,14,5,-109.55,13,-123.55,11,-119.55,8,30.4501,-80.5499,70,0.384,0,100,90,-123.55
7,38.6,15,6,-85.5241,15,-100.524,11,-95.5241,10,54.4759,-57.5241,60,0.4,0,100,270,-100.524
8,38.7,16,6,-112.383,10,-129.383,9,-122.383,5,27.617,-86.383,65,0.4,0,100,90,-129.383
9,38.8,17,6,-109.702,6,-126.702,9,-119.702,1,30.2979,-83.7021,70,0.272,0,100,270,-126.702
10,38.9,18,5,-110.992,6,-124.992,9,-120.992,1,29.0083,-81.9917,60,0.304,0,100,90,-124.992
9,38.9072,8,5,-94.4799,8,-107.48,7,-104.48,3,45.5201,-64.4799,70,0,0,100,0,-107.48,SECONDARY_CHANGE
1,39,9,5,-105.235,14,-118.235,11,-115.235,9,34.7647,-75.2353,60,0.392,0,100,270,-118.235
2,39.1,10,5,-95.0606,13,-111.061,11,-105.061,8,44.9394,-68.0606,65,0.4,0,100,270,-111.061
6,39.1072,5,6,-91.0405,11,-103.041,11,-101.041,6,48.9595,-60.0405,70,0,0,100,0,-103.041,SECONDARY_CHANGE
10,39.1072,9,6,-89.0307,13,-104.031,11,-99.0307,8,50.9693,-61.0307,60,0,0,100,0,-104.031,SECONDARY_CHANGE
3,39.2,11,6,-100.611,5,-115.611,7,-110.611,0,39.3892,-72.6108,70,0.408,0,100,270,-115.611
4,39.3,12,6,-91.6505,10,-107.651,9,-101.651,5,48.3495,-64.6505,60,0.4,0,100,270,-107.651
5,39.4,13,6,-106.688,14,-122.688,11,-116.688,9,33.3119,-79.6881,65,0.392,0,100,270,-122.688
6,39.5,14,6,-86.9279,18,-101.928,13,-96.9279,13,53.0721,-58.9279,70,0.232,0,100,90,-101.928
7,39.6,15,6,-112.707,7,-129.707,9,-122.707,2,27.2926,-86.7074,60,0.408,0,100,270,-129.707
8,39.7,16,6,-116.547,13,-129.547,11,-126.547,8,23.4528,-86.5472,65,0.4,0,100,270,-129.547
9,39.8,17,5,-97.5124,6,-113.512,9,-107.512,1,42.4876,-70.5124,70,0.392,0,100,270,-113.512
10,39.9,18,6,-87.3074,18,-104.307,13,-97.3074,13,52.6926,-61.3074,60,0.352,0,100,90,-104.307
1,40,9,5,-112.771,5,-129.771,7,-122.771,0,27.2287,-86.7713,60,0.304,0,100,90,-129.771
2,40.1,10,5,-115.024,11,-127.024,11,-125.024,6,24.976,-84.024,65,0.368,0,100,270,-127.024
1,40.1072,0,4,-95.6523,10,-107.652,7,-105.652,5,44.3477,-64.6523,60,0,0,100,0,-107.652,SECONDARY_CHANGE
3,40.2,11,6,-108.702,10,-122.702,9,-118.702,5,31.2976,-79.7024,70,0.312,0,100,90,-122.702
4,40.3,12,6,-111.057,14,-123.057,11,-121.057,9,28.9431,-80.0569,60,0.4,0,100,270,-123.057
3,40.3072,2,5,-107.376,8,-124.376,7,-117.376,3,32.6242,-81.3758,70,0,0,100,0,-124.376,SECONDARY_CHANGE
7,40.3072,6,5,-90.6827,7,-107.683,7,-100.683,2,49.3173,-64.6827,60,0,0,100,0,-107.683,SECONDARY_CHANGE
5,40.4,13,6,-112.561,9,-129.561,9,-122.561,4,27.4393,-86.5607,65,0.28,0,100,270,-129.561
6,40.5,14,6,-108.939,5,-124.939,7,-118.939,0,31.0608,-81.9392,70,0.4,0,100,270,-124.939
2,40.5072,1,4,-83.3447,13,-99.3447,11,-93.3447,8,56.6553,-56.3447,65,0,0,100,0,-99.3447,SECONDARY_CHANGE
5,40.5072,4,5,-83.3447,10,-96.3447,7,-93.3447,5,56.6553,-53.3447,65,0,0,100,0,-96.3447,SECONDARY_CHANGE
7,40.6,15,5,-66.0721,22,-78.0721,15,-76.0721,17,73.9279,-35.0721,60,0.28,0,100,270,-78.0721
8,40.7,16,6,-103.625,5,-116.625,7,-113.625,0,36.3748,-73.6252,65,0.392,0,100,270,-116.625
9,40.8,17,5,-114.479,10,-131.479,9,-124.479,5,25.5213,-88.4787,70,0.36,0,100,270,-131.479
10,40.9,18,6,-91.4706,6,-108.471,9,-101.471,1,48.5294,-65.4706,60,0.4,0,100,270,-108.471
4,40.9072,3,5,-87.2689,16,-101.269,13,-97.2689,11,52.7311,-58.2689,60,0,0,100,0,-101.269,SECONDARY_CHANGE
1,41,9,4,-113.398,6,-127.398,9,-123.398,1,26.6015,-84.3985,60,0.392,0,100,90,-127.398
2,41.1,10,4,-90.1238,7,-102.124,9,-100.124,2,49.8762,-59.1238,65,0.272,0,100,270,-102.124
9,41.1072,8,4,-84.0405,10,-98.0405,7,-94.0405,5,55.9595,-55.0405,70,0,0,100,0,-98.0405,SECONDARY_CHANGE
3,41.2,11,5,-109.465,10,-124.465,9,-119.465,5,30.5351,-81.4649,70,0.264,0,100,90,-124.465
4,41.3,12,5,-51.536,26,-68.536,15,-61.536,21,88.464,-25.536,60,0.304,0,100,270,-68.536
3,41.3072,2,6,-91.2327,6,-106.233,7,-101.233,1,48.7673,-63.2327,70,0,0,100,0,-106.233,SECONDARY_CHANGE
5,41.4,13,5,-92.8866,5,-107.887,7,-102.887,0,47.1134,-64.8866,65,0.392,0,100,270,-107.887
6,41.5,14,6,-84.9279,15,-100.928,11,-94.9279,10,55.0721,-57.9279,70,0.4,0,100,270,-100.928
1,41.5072,0,5,-90.4783,10,-104.478,7,-100.478,5,49.5217,-61.4783,60,0,0,100,0,-104.478,SECONDARY_CHANGE
7,41.6,15,5,-97.1866,12,-112.187,11,-107.187,7,42.8134,-69.1866,60,0.392,0,100,270,-112.187
8,41.7,16,6,-74.4015,16,-88.4015,13,-84.4015,11,65.5985,-45.4015,65,0.408,0,100,270,-88.4015
9,41.8,17,4,-100.515,6,-115.515,9,-110.515,1,39.485,-72.515,70,0.312,0,100,270,-115.515
10,41.9,18,6,-90.3074,12,-104.307,11,-100.307,7,49.6926,-61.3074,60,0.4,0,100,270,-104.307
1,42,9,5,-41,23,-58,15,-51,18,99,-15,60,0.328,0,100,90,-58
2,42.1,10,4,-111.896,13,-124.896,11,-121.896,8,28.1035,-81.8965,65,0.4,0,100,270,-124.896
3,42.2,11,6,-96.9483,8,-111.948,9,-106.948,3,43.0517,-68.9483,70,0.392,0,100,90,-111.948
4,42.3,12,5,-98.72,9,-112.72,9,-108.72,4,41.28,-69.72,60,0.392,0,100,270,-112.72
5,42.4,13,5,-115.953,13,-129.953,11,-125.953,8,24.047,-86.953,65,0.376,0,100,270,-129.953
6,42.5,14,6,-100.857,7,-114.857,9,-110.857,2,39.1434,-71.8566,70,0.4,0,100,270,-114.857
7,42.6,15,5,-114.256,10,-126.256,9,-124.256,5,25.744,-83.256,60,0.296,0,100,270,-126.256
8,42.7,16,6,-107.566,14,-120.566,11,-117.566,9,32.4337,-77.5663,65,0.392,0,100,270,-120.566
5,42.7072,4,4,-92.5408,13,-104.541,11,-102.541,8,47.4592,-61.5408,65,0,0,100,0,-104.541,SECONDARY_CHANGE
7,42.7072,6,4,-90.4137,13,-102.414,11,-100.414,8,49.5863,-59.4137,60,0,0,100,0,-102.414,SECONDARY_CHANGE
9,42.8,17,4,-88.191,17,-100.191,13,-98.191,12,51.809,-57.191,70,0.408,0,100,90,-100.191
10,42.9,18,6,-104.35,7,-117.35,9,-114.35,2,35.6502,-74.3498,60,0.4,0,100,270,-117.35
1,43,9,5,-101.235,7,-115.235,9,-111.235,2,38.7647,-72.2353,60,0.392,0,100,90,-115.235
2,43.1,10,4,-101.459,5,-118.459,7,-111.459,0,38.5405,-75.4595,65,0.4,0,100,90,-118.459
3,43.2,11,6,-110.108,7,-125.108,9,-120.108,2,29.8922,-82.1078,70,0.4,0,100,270,-125.108
4,43.3,12,5,-114.516,6,-127.516,9,-124.516,1,25.4841,-84.5159,60,0.304,0,100,270,-127.516
5,43.4,13,4,-85.831,19,-101.831,13,-95.831,14,54.169,-58.831,65,0.328,0,100,270,-101.831
6,43.5,14,6,-114.584,11,-131.584,11,-124.584,6,25.416,-88.584,70,0.288,0,100,270,-131.584
4,43.5072,3,4,-86.2035,15,-101.203,11,-96.2035,10,53.7965,-58.2035,60,0,0,100,0,-101.203,SECONDARY_CHANGE
10,43.5072,9,5,-92.4783,12,-104.478,11,-102.478,7,47.5217,-61.4783,60,0,0,100,0,-104.478,SECONDARY_CHANGE
7,43.6,15,4,-91.5241,10,-108.524,9,-101.524,5,48.4759,-65.5241,60,0.4,0,100,270,-108.524
8,43.7,16,6,-94.7919,9,-109.792,9,-104.792,4,45.2081,-66.7919,65,0.296,0,100,270,-109.792
6,43.7072,5,5,-87.3846,10,-102.385,7,-97.3846,5,52.6154,-59.3846,70,0,0,100,0,-102.385,SECONDARY_CHANGE
8,43.7072,7,5,-87.5408,19,-103.541,13,-97.5408,14,52.4592,-60.5408,65,0,0,100,0,-103.541,SECONDARY_CHANGE
9,43.8,17,4,-102.337,14,-119.337,11,-112.337,9,37.6626,-76.3374,70,0.392,0,100,90,-119.337
10,43.9,18,5,-68.2353,24,-84.2353,15,-78.2353,19,71.7647,-41.2353,60,0.312,0,100,270,-84.2353
1,44,9,5,-112.771,10,-127.771,9,-122.771,5,27.2287,-84.7713,60,0.264,0,100,90,-127.771
2,44.1,10,4,-78.1328,21,-92.1328,15,-88.1328,16,61.8672,-49.1328,65,0.408,0,100,90,-92.1328
1,44.1072,0,6,-91.0307,14,-103.031,11,-101.031,9,48.9693,-60.0307,60,0,0,100,0,-103.031,SECONDARY_CHANGE
3,44.2,11,6,-85.2958,19,-97.2958,13,-95.2958,14,54.7042,-54.2958,70,0.4,0,100,270,-97.2958
4,44.3,12,4,-89.6505,15,-102.651,11,-99.6505,10,50.3495,-59.6505,60,0.352,0,100,270,-102.651
5,44.4,13,4,-96.2323,11,-112.232,11,-106.232,6,43.7677,-69.2323,65,0.4,0,100,90,-112.232
6,44.5,14,5,-97.2325,11,-112.232,11,-107.232,6,42.7675,-69.2325,70,0.352,0,100,270,-112.232
7,44.6,15,4,-112.707,11,-124.707,11,-122.707,6,27.2926,-81.7074,60,0.392,0,100,270,-124.707
8,44.7,16,5,-92.7107,5,-107.711,7,-102.711,0,47.2893,-64.7107,65,0.4,0,100,270,-107.711
9,44.7072,8,5,-84.3846,16,-99.3846,13,-94.3846,11,55.6154,-56.3846,70,0,0,100,0,-99.3846,SECONDARY_CHANGE
9,44.8,17,5,-85.8341,14,-99.8341,11,-95.8341,9,54.1659,-56.8341,70,0.256,0,100,90,-99.8341
10,44.9,18,5,-105.634,11,-119.634,11,-115.634,6,34.3662,-76.6338,60,0.392,0,100,270,-119.634
1,45,9,6,-88.6992,14,-101.699,11,-98.6992,9,51.3008,-58.6992,60,0.392,0,100,90,-101.699
2,45.1,10,4,-97.5561,11,-111.556,11,-107.556,6,42.4439,-68.5561,65,0.392,0,100,90,-111.556
3,45.2,11,6,-98.6108,7,-115.611,9,-108.611,2,41.3892,-72.6108,70,0.4,0,100,270,-115.611
4,45.3,12,4,-110.057,7,-124.057,9,-120.057,2,29.9431,-81.0569,60,0.4,0,100,270,-124.057
5,45.4,13,4,-95.95,12,-107.95,11,-105.95,7,44.05,-64.95,65,0.4,0,100,90,-107.95
6,45.5,14,5,-117.351,14,-133.351,11,-127.351,9,22.6491,-90.3509,70,0.352,0,100,270,-133.351
7,45.6,15,4,-104.423,9,-121.423,9,-114.423,4,35.5769,-78.4231,60,0.4,0,100,90,-121.423
8,45.7,16,5,-109.882,7,-125.882,9,-119.882,2,30.1182,-82.8818,65,0.392,0,100,270,-125.882
6,45.7072,5,4,-90.9922,11,-103.992,11,-100.992,6,49.0078,-60.9922,70,0,0,100,0,-103.992,SECONDARY_CHANGE
9,45.8,17,5,-108.352,12,-123.352,11,-118.352,7,31.6483,-80.3517,70,0.4,0,100,90,-123.352
10,45.9,18,5,-109.992,7,-124.992,9,-119.992,2,30.0083,-81.9917,60,0.32,0,100,270,-124.992
1,46,9,6,-112.398,13,-126.398,11,-122.398,8,27.6015,-83.3985,60,0.4,0,100,270,-126.398
2,46.1,10,4,-109.011,6,-125.011,9,-119.011,1,30.9885,-82.0115,65,0.288,0,100,90,-125.011
8,46.1072,7,4,-87.9989,18,-99.9989,13,-97.9989,13,52.0011,-56.9989,65,0,0,100,0,-99.9989,SECONDARY_CHANGE
10,46.1072,9,4,-88.0307,12,-104.031,11,-98.0307,7,51.9693,-61.0307,60,0,0,100,0,-104.031,SECONDARY_CHANGE
3,46.2,11,6,-116.465,11,-130.465,11,-126.465,6,23.5351,-87.4649,70,0.288,0,100,270,-130.465
4,46.3,12,4,-102.06,6,-114.06,9,-112.06,1,37.9399,-71.0601,60,0.408,0,100,90,-114.06
2,46.3072,1,5,-88.9797,17,-101.98,13,-98.9797,12,51.0203,-58.9797,65,0,0,100,0,-101.98,SECONDARY_CHANGE
3,46.3072,2,5,-91.2327,5,-105.233,7,-101.233,0,48.7673,-62.2327,70,0,0,100,0,-105.233,SECONDARY_CHANGE
5,46.4,13,4,-114.462,8,-127.462,9,-124.462,3,25.5385,-84.4615,65,0.4,0,100,90,-127.462
6,46.5,14,4,-92.1899,9,-108.19,9,-102.19,4,47.8101,-65.1899,70,0.352,0,100,270,-108.19
7,46.6,15,4,-82.1145,14,-95.1145,11,-92.1145,9,57.8855,-52.1145,60,0.408,0,100,90,-95.1145
8,46.7,16,4,-90.5337,10,-106.534,9,-100.534,5,49.4663,-63.5337,65,0.28,0,100,270,-106.534
9,46.7072,8,6,-92.9922,6,-104.992,7,-102.992,1,47.0078,-61.9922,70,0,0,100,0,-104.992,SECONDARY_CHANGE
9,46.8,17,6,-92.5668,6,-105.567,9,-102.567,1,47.4332,-62.5668,70,0.304,0,100,90,-105.567
10,46.9,18,4,-88.3074,11,-102.307,11,-98.3074,6,51.6926,-59.3074,60,0.352,0,100,270,-102.307
5,46.9072,4,5,-89.8493,19,-102.849,13,-99.8493,14,50.1507,-59.8493,65,0,0,100,0,-102.849,SECONDARY_CHANGE
1,47,9,6,-89.6992,14,-102.699,11,-99.6992,9,50.3008,-59.6992,60,0.4,0,100,270,-102.699
2,47.1,10,5,-96.2303,11,-109.23,11,-106.23,6,43.7697,-66.2303,65,0.352,0,100,90,-109.23
3,47.2,11,5,-96.9483,6,-108.948,9,-106.948,1,43.0517,-65.9483,70,0.392,0,100,270,-108.948
4,47.3,12,4,-76.6081,18,-89.6081,13,-86.6081,13,63.3919,-46.6081,60,0.4,0,100,90,-89.6081
5,47.4,13,5,-79.0269,21,-94.0269,15,-89.0269,16,60.9731,-51.0269,65,0.312,0,100,90,-94.0269
6,47.5,14,4,-113.012,6,-130.012,9,-123.012,1,26.9875,-87.0125,70,0.4,0,100,270,-130.012
7,47.6,15,4,-103.197,6,-117.197,9,-113.197,1,36.8035,-74.1965,60,0.4,0,100,90,-117.197
8,47.7,16,4,-106.32,11,-118.32,11,-116.32,6,33.6802,-75.3198,65,0.4,0,100,90,-118.32
9,47.8,17,6,-103.099,9,-118.099,9,-113.099,4,36.901,-75.099,70,0.4,0,100,90,-118.099
10,47.9,18,4,-105.35,5,-120.35,7,-115.35,0,34.6502,-77.3498,60,0.4,0,100,270,-120.35
1,48,9,6,-89.6992,15,-105.699,11,-99.6992,10,50.3008,-62.6992,60,0.4,0,100,270,-105.699
2,48.1,10,5,-112.3,12,-126.3,11,-122.3,7,27.7003,-83.2997,65,0.344,0,100,90,-126.3
3,48.2,11,5,-115.222,14,-130.222,11,-125.222,9,24.7779,-87.2221,70,0.352,0,100,270,-130.222
4,48.3,12,4,-106.138,7,-120.138,9,-116.138,2,33.8622,-77.1378,60,0.4,0,100,90,-120.138
5,48.4,13,5,-103.959,14,-116.959,11,-113.959,9,36.0411,-73.9589,65,0.4,0,100,90,-116.959
6,48.5,14,4,-118.605,5,-130.605,7,-128.605,0,21.395,-87.605,70,0.408,0,100,90,-130.605
3,48.5072,2,4,-85.7446,15,-100.745,11,-95.7446,10,54.2554,-57.7446,70,0,0,100,0,-100.745,SECONDARY_CHANGE
2,48.5072,1,6,-84.43,15,-96.43,11,-94.43,10,55.57,-53.43,65,0,0,100,0,-96.43,SECONDARY_CHANGE
7,48.6,15,4,-109.886,5,-122.886,7,-119.886,0,30.1143,-79.8857,60,0.368,0,100,90,-122.886
8,48.7,16,4,-80.0086,17,-94.0086,13,-90.0086,12,59.9914,-51.0086,65,0.408,0,100,90,-94.0086
9,48.8,17,6,-89.5668,13,-104.567,11,-99.5668,8,50.4332,-61.5668,70,0.408,0,100,270,-104.567
10,48.9,18,4,-114.379,11,-129.379,11,-124.379,6,25.6205,-86.3795,60,0.4,0,100,90,-129.379
7,48.9072,6,5,-87.2689,17,-100.269,13,-97.2689,12,52.7311,-57.2689,60,0,0,100,0,-100.269,SECONDARY_CHANGE
1,49,9,6,-105.398,14,-119.398,11,-115.398,9,34.6015,-76.3985,60,0.384,0,100,270,-119.398
2,49.1,10,6,-89.9896,18,-106.99,13,-99.9896,13,50.0104,-63.9896,65,0.296,0,100,90,-106.99
3,49.2,11,4,-100.86,6,-113.86,9,-110.86,1,39.1398,-70.8602,70,0.312,0,100,270,-113.86
4,49.3,12,4,-91.9848,11,-104.985,11,-101.985,6,48.0152,-61.9848,60,0.288,0,100,90,-104.985
4,49.3072,3,5,-84.6827,12,-101.683,11,-94.6827,7,55.3173,-58.6827,60,0,0,100,0,-101.683,SECONDARY_CHANGE
5,49.3072,4,6,-86.9797,15,-99.9797,11,-96.9797,10,53.0203,-56.9797,65,0,0,100,0,-99.9797,SECONDARY_CHANGE
5,49.4,13,6,-81.5094,18,-98.5094,13,-91.5094,13,58.4906,-55.5094,65,0.248,0,100,90,-98.5094
6,49.5,14,4,-114.012,10,-130.012,9,-124.012,5,25.9875,-87.0125,70,0.4,0,100,90,-130.012
1,49.5072,0,5,-88.4783,18,-104.478,13,-98.4783,13,51.5217,-61.4783,60,0,0,100,0,-104.478,SECONDARY_CHANGE
7,49.6,15,5,-81.1442,13,-94.1442,11,-91.1442,8,58.8558,-51.1442,60,0.336,0,100,90,-94.1442
8,49.7,16,4,-106.838,9,-119.838,9,-116.838,4,33.162,-76.838,65,0.392,0,100,90,-119.838
9,49.8,17,6,-104.099,6,-119.099,9,-114.099,1,35.901,-76.099,70,0.392,0,100,270,-119.099
10,49.9,18,4,-96.4706,11,-111.471,11,-106.471,6,43.5294,-68.4706,60,0.4,0,100,90,-111.471
1,50,9,5,-41,20,-53,13,-51,15,99,-10,60,0.352,0,100,270,-53
2,50.1,10,6,-107.409,10,-120.409,9,-117.409,5,32.5906,-77.4094,65,0.4,0,100,270,-120.409
3,50.2,11,4,-108.872,11,-124.872,11,-118.872,6,31.1278,-81.8722,70,0.4,0,100,270,-124.872
4,50.3,12,5,-51.536,21,-68.536,15,-61.536,16,88.464,-25.536,60,0.408,0,100,270,-68.536
5,50.4,13,6,-104.425,6,-121.425,9,-114.425,1,35.5749,-78.4251,65,0.4,0,100,90,-121.425
6,50.5,14,4,-93.1899,8,-108.19,9,-103.19,3,46.8101,-65.1899,70,0.4,0,100,90,-108.19
7,50.6,15,5,-102.828,7,-115.828,9,-112.828,2,37.1715,-72.8285,60,0.4,0,100,90,-115.828
8,50.7,16,4,-84.605,11,-101.605,11,-94.605,6,55.395,-58.605,65,0.216,0,100,90,-101.605
8,50.7072,7,5,-88.2699,11,-102.27,11,-98.2699,6,51.7301,-59.2699,65,0,0,100,0,-102.27,SECONDARY_CHANGE
9,50.8,17,6,-115.702,5,-132.702,7,-125.702,0,24.2979,-89.7021,70,0.272,0,100,270,-132.702
10,50.9,18,4,-93.3074,7,-107.307,9,-103.307,2,46.6926,-64.3074,60,0.4,0,100,90,-107.307
9,50.9072,8,5,-92.4799,9,-104.48,7,-102.48,4,47.5201,-61.4799,70,0,0,100,0,-104.48,SECONDARY_CHANGE
1,51,9,5,-100.235,13,-117.235,11,-110.235,8,39.7647,-74.2353,60,0.392,0,100,270,-117.235
2,51.1,10,6,-75.8783,22,-87.8783,15,-85.8783,17,64.1217,-44.8783,65,0.408,0,100,270,-87.8783
3,51.2,11,4,-112.894,5,-128.894,7,-122.894,0,27.1064,-85.8936,70,0.4,0,100,90,-128.894
4,51.3,12,5,-106.72,9,-120.72,9,-116.72,4,33.28,-77.72,60,0.4,0,100,270,-120.72
5,51.4,13,6,-114.949,10,-127.949,9,-124.949,5,25.0508,-84.9492,65,0.4,0,100,90,-127.949
6,51.5,14,4,-93.1899,5,-108.19,7,-103.19,0,46.8101,-65.1899,70,0.392,0,100,90,-108.19
7,51.5072,6,6,-81.2035,10,-98.2035,7,-91.2035,5,58.7965,-55.2035,60,0,0,100,0,-98.2035,SECONDARY_CHANGE
7,51.6,15,6,-83.1145,14,-99.1145,11,-93.1145,9,56.8855,-56.1145,60,0.28,0,100,90,-99.1145
8,51.7,16,5,-101.908,11,-117.908,11,-111.908,6,38.0925,-74.9075,65,0.4,0,100,90,-117.908
9,51.8,17,5,-97.5124,13,-111.512,11,-107.512,8,42.4876,-68.5124,70,0.392,0,100,270,-111.512
10,51.9,18,4,-111.35,13,-128.35,11,-121.35,8,28.6502,-85.3498,60,0.4,0,100,90,-128.35
1,52,9,5,-116.771,9,-130.771,9,-126.771,4,23.2287,-87.7713,60,0.264,0,100,270,-130.771
2,52.1,10,6,-99.809,5,-116.809,7,-109.809,0,40.191,-73.809,65,0.392,0,100,270,-116.809
1,52.1072,0,4,-92.0307,14,-107.031,11,-102.031,9,47.9693,-64.0307,60,0,0,100,0,-107.031,SECONDARY_CHANGE
3,52.2,11,4,-104.337,11,-118.337,11,-114.337,6,35.6626,-75.3374,70,0.4,0,100,90,-118.337
4,52.3,12,5,-115.516,14,-127.516,11,-125.516,9,24.4841,-84.5159,60,0.272,0,100,270,-127.516
5,52.4,13,6,-114.491,7,-126.491,9,-124.491,2,25.5091,-83.4909,65,0.4,0,100,270,-126.491
6,52.5,14,4,-109.012,13,-125.012,11,-119.012,8,30.9875,-82.0125,70,0.4,0,100,90,-125.012
4,52.5072,3,4,-89.2035,17,-104.203,13,-99.2035,12,50.7965,-61.2035,60,0,0,100,0,-104.203,SECONDARY_CHANGE
10,52.5072,9,5,-87.4783,19,-102.478,13,-97.4783,14,52.5217,-59.4783,60,0,0,100,0,-102.478,SECONDARY_CHANGE
7,52.6,15,6,-95.1965,14,-107.197,11,-105.197,9,44.8035,-64.1965,60,0.4,0,100,90,-107.197
8,52.7,16,5,-109.247,10,-123.247,9,-119.247,5,30.7529,-80.2471,65,0.32,0,100,90,-123.247
9,52.8,17,5,-115.479,7,-127.479,9,-125.479,2,24.5213,-84.4787,70,0.336,0,100,270,-127.479
10,52.9,18,5,-68.2353,27,-81.2353,15,-78.2353,22,71.7647,-38.2353,60,0.336,0,100,90,-81.2353
6,52.9072,5,5,-91.4799,5,-105.48,7,-101.48,0,48.5201,-62.4799,70,0,0,100,0,-105.48,SECONDARY_CHANGE
8,52.9072,7,6,-91.8493,13,-104.849,11,-101.849,8,48.1507,-61.8493,65,0,0,100,0,-104.849,SECONDARY_CHANGE
1,53,9,4,-96.6992,5,-112.699,7,-106.699,0,43.3008,-69.6992,60,0.392,0,100,270,-112.699
2,53.1,10,6,-90.2522,10,-107.252,9,-100.252,5,49.7478,-64.2522,65,0.328,0,100,270,-107.252
9,53.1072,8,4,-90.0405,9,-107.041,7,-100.041,4,49.9595,-64.0405,70,0,0,100,0,-107.041,SECONDARY_CHANGE
2,53.1072,1,5,-91.9936,6,-107.994,7,-101.994,1,48.0064,-64.9936,65,0,0,100,0,-107.994,SECONDARY_CHANGE
3,53.2,11,4,-88.191,10,-102.191,9,-98.191,5,51.809,-59.191,70,0.408,0,100,90,-102.191
4,53.3,12,4,-91.6505,7,-103.651,9,-101.651,2,48.3495,-60.6505,60,0.352,0,100,270,-103.651
5,53.4,13,6,-107.518,7,-121.518,9,-117.518,2,32.4823,-78.5177,65,0.4,0,100,270,-121.518
6,53.5,14,5,-93.6877,13,-110.688,11,-103.688,8,46.3123,-67.6877,70,0.304,0,100,90,-110.688
7,53.6,15,6,-94.6018,13,-108.602,11,-104.602,8,45.3982,-65.6018,60,0.4,0,100,270,-108.602
8,53.7,16,6,-93.7265,10,-109.726,9,-103.726,5,46.2735,-66.7265,65,0.352,0,100,90,-109.726
9,53.8,17,4,-97.515,12,-113.515,11,-107.515,7,42.485,-70.515,70,0.312,0,100,270,-113.515
10,53.9,18,5,-100.634,10,-113.634,9,-110.634,5,39.3662,-70.6338,60,0.392,0,100,90,-113.634
1,54,9,4,-111.398,13,-127.398,11,-121.398,8,28.6015,-84.3985,60,0.4,0,100,90,-127.398
2,54.1,10,5,-96.0606,5,-108.061,7,-106.061,0,43.9394,-65.0606,65,0.4,0,100,270,-108.061
3,54.2,11,4,-108.924,6,-123.924,9,-118.924,1,31.0755,-80.9245,70,0.4,0,100,90,-123.924
4,54.3,12,4,-111.057,14,-127.057,11,-121.057,9,28.9431,-84.0569,60,0.4,0,100,270,-127.057
5,54.4,13,6,-77.128,17,-91.128,13,-87.128,12,62.872,-48.128,65,0.408,0,100,270,-91.128
6,54.5,14,5,-106.55,12,-118.55,11,-116.55,7,33.4501,-75.5499,70,0.392,0,100,90,-118.55
7,54.6,15,6,-86.5241,17,-98.5241,13,-96.5241,12,53.4759,-55.5241,60,0.4,0,100,270,-98.5241
8,54.7,16,6,-107.383,14,-123.383,11,-117.383,9,32.617,-80.383,65,0.4,0,100,90,-123.383
9,54.8,17,4,-87.191,14,-104.191,11,-97.191,9,52.809,-61.191,70,0.4,0,100,90,-104.191
10,54.9,18,5,-114.992,8,-126.992,9,-124.992,3,25.0083,-83.9917,60,0.312,0,100,90,-126.992
1,55,9,4,-87.6992,15,-103.699,11,-97.6992,10,52.3008,-60.6992,60,0.4,0,100,90,-103.699
2,55.1,10,5,-109.024,8,-123.024,9,-119.024,3,30.976,-80.024,65,0.368,0,100,270,-123.024
3,55.1072,2,5,-87.75,14,-103.75,11,-97.75,9,52.25,-60.75,70,0,0,100,0,-103.75,SECONDARY_CHANGE
6,55.1072,5,6,-93.0405,5,-107.041,7,-103.041,0,46.9595,-64.0405,70,0,0,100,0,-107.041,SECONDARY_CHANGE
10,55.1072,9,6,-91.0307,13,-105.031,11,-101.031,8,48.9693,-62.0307,60,0,0,100,0,-105.031,SECONDARY_CHANGE
3,55.2,11,5,-90.2958,6,-107.296,9,-100.296,1,49.7042,-64.2958,70,0.328,0,100,90,-107.296
4,55.3,12,4,-119.959,14,-136.959,11,-129.959,9,20.0408,-93.9592,60,0.4,0,100,270,-136.959
5,55.4,13,6,-107.688,5,-123.688,7,-117.688,0,32.3119,-80.6881,65,0.4,0,100,270,-123.688
6,55.5,14,6,-91.9279,12,-106.928,11,-101.928,7,48.0721,-63.9279,70,0.232,0,100,90,-106.928
2,55.5072,1,4,-84.3447,11,-97.3447,11,-94.3447,6,55.6553,-54.3447,65,0,0,100,0,-97.3447,SECONDARY_CHANGE
7,55.6,15,6,-103.707,12,-115.707,11,-113.707,7,36.2926,-72.7074,60,0.4,0,100,270,-115.707
8,55.7,16,6,-113.547,6,-128.547,9,-123.547,1,26.4528,-85.5472,65,0.4,0,100,270,-128.547
9,55.8,17,4,-110.337,13,-126.337,11,-120.337,8,29.6626,-83.3374,70,0.4,0,100,90,-126.337
10,55.9,18,6,-88.3074,16,-101.307,13,-98.3074,11,51.6926,-58.3074,60,0.36,0,100,90,-101.307
1,56,9,4,-90.6992,6,-103.699,9,-100.699,1,49.3008,-60.6992,60,0.4,0,100,90,-103.699
2,56.1,10,4,-89.1238,16,-106.124,13,-99.1238,11,50.8762,-63.1238,65,0.272,0,100,270,-106.124
3,56.2,11,5,-99.6108,14,-115.611,11,-109.611,9,40.3892,-72.6108,70,0.4,0,100,90,-115.611
4,56.3,12,4,-109.723,5,-123.723,7,-119.723,0,30.2774,-80.7226,60,0.4,0,100,90,-123.723
7,56.3072,6,5,-82.6827,17,-94.6827,13,-92.6827,12,57.3173,-51.6827,60,0,0,100,0,-94.6827,SECONDARY_CHANGE
5,56.4,13,6,-112.561,13,-124.561,11,-122.561,8,27.4393,-81.5607,65,0.264,0,100,270,-124.561
6,56.5,14,6,-105.939,11,-120.939,11,-115.939,6,34.0608,-77.9392,70,0.4,0,100,270,-120.939
5,56.5072,4,5,-84.3447,13,-97.3447,11,-94.3447,8,55.6553,-54.3447,65,0,0,100,0,-97.3447,SECONDARY_CHANGE
7,56.6,15,5,-59.0721,29,-71.0721,15,-69.0721,24,80.9279,-28.0721,60,0.272,0,100,270,-71.0721
8,56.7,16,6,-102.625,11,-116.625,11,-112.625,6,37.3748,-73.6252,65,0.4,0,100,270,-116.625
9,56.7072,8,5,-88.3846,17,-102.385,13,-98.3846,12,51.6154,-59.3846,70,0,0,100,0,-102.385,SECONDARY_CHANGE
9,56.8,17,5,-85.8341,10,-97.8341,9,-95.8341,5,54.1659,-54.8341,70,0.248,0,100,90,-97.8341
10,56.9,18,6,-98.4706,13,-110.471,11,-108.471,8,41.5294,-67.4706,60,0.392,0,100,270,-110.471
1,57,9,4,-113.398,10,-130.398,9,-123.398,5,26.6015,-87.3985,60,0.4,0,100,90,-130.398
2,57.1,10,4,-110.896,12,-126.896,11,-120.896,7,29.1035,-83.8965,65,0.4,0,100,270,-126.896
3,57.2,11,5,-117.465,9,-129.465,9,-127.465,4,22.5351,-86.4649,70,0.304,0,100,90,-129.465
4,57.3,12,4,-96.0601,8,-109.06,9,-106.06,3,43.9399,-66.0601,60,0.4,0,100,90,-109.06
3,57.3072,2,6,-90.2327,6,-103.233,7,-100.233,1,49.7673,-60.2327,70,0,0,100,0,-103.233,SECONDARY_CHANGE
5,57.4,13,5,-101.887,12,-113.887,11,-111.887,7,38.1134,-70.8866,65,0.392,0,100,270,-113.887
6,57.5,14,6,-93.9279,6,-109.928,9,-103.928,1,46.0721,-66.9279,70,0.4,0,100,270,-109.928
1,57.5072,0,5,-90.4783,6,-106.478,7,-100.478,1,49.5217,-63.4783,60,0,0,100,0,-106.478,SECONDARY_CHANGE
7,57.6,15,5,-102.187,13,-119.187,11,-112.187,8,37.8134,-76.1866,60,0.392,0,100,270,-119.187
8,57.7,16,6,-75.4015,17,-87.4015,13,-85.4015,12,64.5985,-44.4015,65,0.408,0,100,270,-87.4015
9,57.8,17,5,-104.352,8,-118.352,9,-114.352,3,35.6483,-75.3517,70,0.4,0,100,90,-118.352
10,57.9,18,6,-91.3074,8,-108.307,9,-101.307,3,48.6926,-65.3074,60,0.4,0,100,270,-108.307
1,58,9,5,-36,21,-52,15,-46,16,104,-9,60,0.304,0,100,90,-52
2,58.1,10,4,-116.347,11,-132.347,11,-126.347,6,23.6525,-89.3475,65,0.4,0,100,270,-132.347
3,58.2,11,6,-94.9483,14,-111.948,11,-104.948,9,45.0517,-68.9483,70,0.392,0,100,90,-111.948
4,58.3,12,4,-74.6081,24,-86.6081,15,-84.6081,19,65.3919,-43.6081,60,0.408,0,100,90,-86.6081
5,58.4,13,5,-106.953,14,-120.953,11,-116.953,9,33.047,-77.953,65,0.36,0,100,270,-120.953
6,58.5,14,6,-103.857,8,-119.857,9,-113.857,3,36.1434,-76.8566,70,0.4,0,100,270,-119.857
7,58.6,15,5,-111.256,9,-127.256,9,-121.256,4,28.744,-84.256,60,0.344,0,100,270,-127.256
8,58.7,16,6,-103.566,11,-116.566,11,-113.566,6,36.4337,-73.5663,65,0.4,0,100,270,-116.566
5,58.7072,4,4,-88.5408,11,-102.541,11,-98.5408,6,51.4592,-59.5408,65,0,0,100,0,-102.541,SECONDARY_CHANGE
7,58.7072,6,4,-86.4137,10,-102.414,7,-96.4137,5,53.5863,-59.4137,60,0,0,100,0,-102.414,SECONDARY_CHANGE
9,58.7072,8,6,-91.9922,5,-106.992,7,-101.992,0,48.0078,-63.9922,70,0,0,100,0,-106.992,SECONDARY_CHANGE
9,58.8,17,6,-88.5668,10,-101.567,9,-98.5668,5,51.4332,-58.5668,70,0.288,0,100,90,-101.567
10,58.9,18,6,-111.35,5,-125.35,7,-121.35,0,28.6502,-82.3498,60,0.4,0,100,270,-125.35
1,59,9,5,-105.235,13,-119.235,11,-115.235,8,34.7647,-76.2353,60,0.392,0,100,90,-119.235
2,59.1,10,4,-115.99,13,-132.99,11,-125.99,8,24.0097,-89.9903,65,0.368,0,100,90,-132.99
3,59.2,11,6,-110.108,9,-122.108,9,-120.108,4,29.8922,-79.1078,70,0.328,0,100,270,-122.108
4,59.3,12,4,-100.138,12,-115.138,11,-110.138,7,39.8622,-72.1378,60,0.28,0,100,90,-115.138
5,59.4,13,4,-87.831,16,-102.831,13,-97.831,11,52.169,-59.831,65,0.176,0,100,270,-102.831
6,59.5,14,6,-116.584,7,-132.584,9,-126.584,2,23.416,-89.584,70,0.208,0,100,270,-132.584
10,59.5072,9,5,-91.4783,5,-108.478,7,-101.478,0,48.5217,-65.4783,60,0,0,100,0,-108.478,SECONDARY_CHANGE
7,59.6,15,4,-89.5241,19,-101.524,13,-99.5241,14,50.4759,-58.5241,60,0.16,0,100,270,-101.524
8,59.7,16,6,-87.7919,16,-100.792,13,-97.7919,11,52.2081,-57.7919,65,0.12,0,100,270,-100.792
6,59.7072,5,5,-84.3846,12,-97.3846,11,-94.3846,7,55.6154,-54.3846,70,0,0,100,0,-97.3846,SECONDARY_CHANGE
8,59.7072,7,5,-94.5408,7,-111.541,7,-104.541,2,45.4592,-68.5408,65,0,0,100,0,-111.541,SECONDARY_CHANGE
9,59.8,17,6,-99.099,9,-112.099,9,-109.099,4,40.901,-69.099,70,0.088,0,100,90,-112.099
10,59.9,18,5,-66.2353,28,-81.2353,15,-76.2353,23,73.7647,-38.2353,60,0.04,0,100,270,-81.2353
