Time,IMSI,Level,Qual,SNR,CQI,SecondCell_RSRP,SecondCell_SNR,NRxLev1,NQual1,Speed,DL_bitrate,UL_bitrate,BANDWIDTH,serving_cell,best_neigh_cell
0.5,2,-45.8871,0,49.8236,15,-64.1494,16.2189,-64.1494,0,30,88064,85888,20,2,7
0.5,3,-55.4071,0,21.0512,12.296,-62.2596,21.1136,-62.2596,0,18,0,0,20,2,5
0.5,4,-56.9098,0,18.6203,11.191,-66.4499,9.65549,-66.4499,0,110,61440,62464,20,3,2
0.5,5,-52.3618,0,39.5383,15,-62.846,8.77203,-62.846,0,38,0,0,20,3,4
0.5,6,-38.7536,0,58.7158,15,-65.4035,4.30032,-65.4035,0,65,36864,37088,20,3,4
0.5,7,-53.73,0,24.0762,13.671,-62.335,9.50281,-62.335,0,60,0,0,20,4,3
0.5,9,-51.8925,0,27.6131,15,-63.9427,6.86001,-63.9427,0,75,0,0,20,4,3
0.5,10,-48.7589,0,44.6696,15,-64.0368,18.0421,-64.0368,0,135,0,0,20,4,3
0.5,1,-47.1136,0,49.3854,15,-64.179,6.33053,-64.179,0,55,0,0,20,5,4
0.5,8,-54.943,0,21.4534,12.4788,-63.1912,7.86784,-63.1912,0,130,10240,13664,20,5,6
0.5,11,-47.8489,0,48.9787,15,-66.006,3.47983,-66.006,0,90,0,0,20,5,6
0.5,12,-49.5514,0,31.1654,15,-63.5952,7.31577,-63.5952,0,45,0,0,20,5,2
0.5,13,-50.5253,0,43.4108,15,-65.5002,4.23886,-65.5002,0,22,0,0,20,5,6
0.5,14,-39.2924,0,56.4094,15,-65.0516,5.02898,-65.0516,0,35,0,0,20,6,5
0.5,15,-60.271,0,12.5169,8.41678,-66.6584,2.04187,-66.6584,0,120,0,0,20,6,7
0.5,16,-53.98,0,23.9607,13.6185,-62.2607,13.2538,-62.2607,0,60,0,0,20,6,7
0.5,17,-56.1079,0,20.0108,11.8231,-61.9406,10.2021,-61.9406,0,20,0,0,20,7,8
0.5,18,-53.5233,0,24.2961,13.771,-62.5417,9.15309,-62.5417,0,15,0,0,20,7,8
0.5,19,-48.9471,0,32.0627,15,-63.701,7.10333,-63.701,0,105,0,0,20,7,6
0.5,20,-54.1351,0,23.2957,13.3162,-62.5398,14.099,-62.5398,0,25,0,0,20,8,7
0.55,2,-46.4012,0,49.5601,15,-64.0749,6.58339,-64.0749,0,30,100352,97600,20,2,8
0.55,3,-55.5368,0,33.9056,15,-62.2417,9.66609,-62.2417,0,18,0,0,20,2,5
0.55,4,-56.9409,0,18.5781,11.1719,-66.7028,2.17254,-66.7028,0,110,73728,74176,20,3,8
0.55,5,-52.8108,0,25.5282,14.331,-62.6936,8.90374,-62.6936,0,38,0,0,20,3,4
0.55,6,-35.495,0,60.4207,15,-65.4684,4.24381,-65.4684,0,65,49152,48800,20,3,4
0.55,7,-53.614,0,24.1672,13.7124,-62.3454,20.9342,-62.3454,0,60,0,0,20,4,3
0.55,9,-51.2083,0,28.1994,15,-63.8784,6.91402,-63.8784,0,75,0,0,20,4,3
0.55,10,-50.9809,0,28.6351,15,-63.6719,7.25496,-63.6719,0,135,0,0,20,4,3
0.55,1,-45.9412,0,37.042,15,-64.2787,6.24436,-64.2787,0,55,0,0,20,5,4
0.55,8,-55.5637,0,33.8662,15,-63.4475,7.64479,-63.4475,0,130,22528,25376,20,5,6
0.55,11,-45.9252,0,50.0047,15,-65.8118,3.66105,-65.8118,0,90,0,0,20,5,6
0.55,12,-49.3577,0,45.6686,15,-63.6898,7.23419,-63.6898,0,45,0,0,20,5,2
0.55,13,-50.5698,0,43.3646,15,-65.4379,4.2925,-65.4379,0,22,0,0,20,5,6
0.55,14,-39.8955,0,56.0684,15,-64.944,5.12179,-64.944,0,35,0,0,20,6,5
0.55,15,-60.8408,0,12.0325,8.19657,-66.9079,1.82773,-66.9079,0,120,0,0,20,6,7
0.55,16,-53.4688,0,24.4029,13.8195,-62.4916,9.25091,-62.4916,0,60,0,0,20,6,5
0.55,17,-56.0664,0,20.0459,11.8391,-61.9039,14.7025,-61.9039,0,20,0,0,20,7,2
0.55,18,-53.556,0,24.2674,13.7579,-62.5531,13.6904,-62.5531,0,15,0,0,20,7,6
0.55,19,-48.9919,0,46.3745,15,-63.8416,6.98007,-63.8416,0,105,0,0,20,7,6
0.55,20,-54.134,0,23.2951,13.316,-62.5963,9.07149,-62.5963,0,25,0,0,20,8,3
0.6,2,-46.6585,0,49.3048,15,-64.0377,6.64553,-64.0377,0,30,112640,111264,20,2,8
0.6,3,-55.6013,0,33.7837,15,-62.233,9.68067,-62.233,0,18,0,0,20,2,5
0.6,4,-56.985,0,18.5055,11.1389,-66.8275,1.9646,-66.8275,0,110,88064,85888,20,3,8
0.6,5,-53.0279,0,25.166,14.1664,-62.6164,9.03242,-62.6164,0,38,0,0,20,3,4
0.6,6,-34.0043,0,61.9104,15,-65.3872,4.37386,-65.3872,0,65,61440,62464,20,3,8
0.6,7,-53.5729,0,24.2364,13.7438,-62.3532,20.9196,-62.3532,0,60,0,0,20,4,3
0.6,9,-50.8743,0,28.7568,15,-63.8488,6.96341,-63.8488,0,75,0,0,20,4,3
0.6,10,-51.9173,0,27.0692,15,-63.4882,7.56122,-63.4882,0,135,10240,13664,20,4,3
0.6,1,-45.3115,0,38.0907,15,-64.3292,6.1602,-64.3292,0,55,0,0,20,5,4
0.6,8,-55.8958,0,33.2393,15,-63.5799,7.42422,-63.5799,0,130,36864,37088,20,5,6
0.6,11,-44.8206,0,51.0974,15,-65.7059,3.83763,-65.7059,0,90,0,0,20,5,6
0.6,12,-49.2835,0,45.8095,15,-63.7374,7.15476,-63.7374,0,45,0,0,20,5,2
0.6,13,-50.5966,0,43.3143,15,-65.4067,4.34463,-65.4067,0,22,0,0,20,5,6
0.6,14,-40.2833,0,55.6849,15,-64.8898,5.21222,-64.8898,0,35,0,0,20,6,5
0.6,15,-61.1148,0,11.5752,7.98874,-67.0315,1.62164,-67.0315,0,120,0,0,20,6,7
0.6,16,-53.2094,0,24.8353,14.016,-62.6053,9.06128,-62.6053,0,60,0,0,20,6,5
0.6,17,-56.0467,0,20.0789,11.854,-61.8858,14.7581,-61.8858,0,20,0,0,20,7,2
0.6,18,-53.5734,0,24.2384,13.7447,-62.5589,13.7207,-62.5589,0,15,0,0,20,7,6
0.6,19,-49.1608,0,46.0602,15,-63.916,6.85615,-63.916,0,105,0,0,20,7,6
0.6,20,-54.1362,0,23.2915,13.3143,-62.6247,9.02411,-62.6247,0,25,0,0,20,8,3
0.65,2,-46.9149,0,49.0504,15,-64.0004,6.70769,-64.0004,0,30,124928,122976,20,2,8
0.65,3,-55.6656,0,20.7249,12.1477,-62.2244,9.69501,-62.2244,0,18,0,0,20,2,5
0.65,4,-57.0474,0,18.4026,11.0921,-66.951,2.27187,-66.951,0,110,100352,97600,20,3,5
0.65,5,-53.2402,0,24.8116,14.0053,-62.5386,9.16218,-62.5386,0,38,0,0,20,3,4
0.65,6,-33.1975,0,62.7458,15,-65.2894,4.53686,-65.2894,0,65,73728,74176,20,3,8
0.65,7,-53.5434,0,24.2863,13.7665,-62.3627,9.46377,-62.3627,0,60,0,0,20,4,3
0.65,9,-50.5502,0,43.3767,15,-63.821,7.00986,-63.821,0,75,0,0,20,4,3
0.65,10,-52.7665,0,25.6484,14.3856,-63.304,7.8684,-63.304,0,135,22528,25376,20,4,3
0.65,1,-44.6521,0,39.1884,15,-64.3801,6.40757,-64.3801,0,55,0,0,20,5,3
0.65,8,-56.2367,0,19.7837,11.7199,-63.7146,7.19977,-63.7146,0,130,49152,48800,20,5,6
0.65,11,-43.6055,0,52.2988,15,-65.5994,4.01521,-65.5994,0,90,0,0,20,5,6
0.65,12,-49.2256,0,45.92,15,-63.7853,7.07496,-63.7853,0,45,0,0,20,5,2
0.65,13,-50.6262,0,43.2585,15,-65.3753,4.39691,-65.3753,0,22,0,0,20,5,6
0.65,14,-40.7094,0,55.2633,15,-64.8352,5.30315,-64.8352,0,35,0,0,20,6,5
0.65,15,-61.3819,0,11.1295,7.78612,-67.1542,1.41692,-67.1542,0,120,0,0,20,6,7
0.65,16,-52.9481,0,25.2709,14.214,-62.7179,8.87356,-62.7179,0,60,0,0,20,6,5
0.65,17,-56.0277,0,20.1106,11.8685,-61.8678,10.2937,-61.8678,0,20,0,0,20,7,8
0.65,18,-53.5914,0,24.2083,13.7311,-62.5648,9.12371,-62.5648,0,15,0,0,20,7,8
0.65,19,-49.4156,0,45.5842,15,-63.9929,6.72803,-63.9929,0,105,0,0,20,7,6
0.65,20,-54.1403,0,36.563,15,-62.6533,8.97655,-62.6533,0,25,0,0,20,8,3
0.7,2,-47.1698,0,48.7975,15,-63.9631,6.76984,-63.9631,0,30,139264,134688,20,2,8
0.7,3,-55.7297,0,20.618,12.0991,-62.2159,9.70912,-62.2159,0,18,0,0,20,2,5
0.7,4,-57.1274,0,18.2704,11.032,-67.0733,2.28699,-67.0733,0,110,112640,111264,20,3,5
0.7,5,-53.4481,0,24.4648,13.8476,-62.46,9.29306,-62.46,0,38,0,0,20,3,4
0.7,6,-33.5246,0,62.4718,15,-65.1905,4.70159,-65.1905,0,65,88064,85888,20,3,8
0.7,7,-53.5258,0,24.3165,13.7802,-62.3739,9.44516,-62.3739,0,60,0,0,20,4,3
0.7,9,-50.2402,0,43.9638,15,-63.7951,7.05331,-63.7951,0,75,0,0,20,4,3
0.7,10,-53.5434,0,24.3481,13.7946,-63.1195,8.17609,-63.1195,0,135,36864,37088,20,4,3
0.7,1,-43.9643,0,40.3334,15,-64.4313,6.40221,-64.4313,0,55,0,0,20,5,3
0.7,8,-56.5829,0,19.2067,11.4576,-63.8513,6.97196,-63.8513,0,130,61440,62464,20,5,6
0.7,11,-42.2757,0,53.613,15,-65.4923,4.19373,-65.4923,0,90,0,0,20,5,6
0.7,12,-49.1846,0,45.999,15,-63.8334,6.99481,-63.8334,0,45,10240,13664,20,5,2
0.7,13,-50.6587,0,43.1973,15,-65.3438,4.44935,-65.3438,0,22,0,0,20,5,6
0.7,14,-41.1613,0,54.8159,15,-64.7804,5.3946,-64.7804,0,35,0,0,20,6,5
0.7,15,-61.6424,0,10.6947,7.58849,-67.2761,1.2136,-67.2761,0,120,0,0,20,6,7
0.7,16,-52.6855,0,25.7088,14.4131,-62.8293,8.68773,-62.8293,0,60,0,0,20,6,5
0.7,17,-56.0094,0,20.1413,11.8824,-61.85,10.3234,-61.85,0,20,0,0,20,7,8
0.7,18,-53.6102,0,24.1771,13.7169,-62.5708,9.1137,-62.5708,0,15,0,0,20,7,8
0.7,19,-49.7424,0,44.9721,15,-64.0722,6.59597,-64.0722,0,105,0,0,20,7,6
0.7,20,-54.1462,0,36.552,15,-62.6819,8.92883,-62.6819,0,25,0,0,20,8,3
0.75,2,-47.4228,0,34.5865,15,-63.9258,6.834,-63.9258,0,30,151552,146400,20,2,8
0.75,3,-55.7935,0,20.5081,12.0491,-62.2076,10.4879,-62.2076,0,18,0,0,20,2,8
0.75,4,-57.2241,0,18.105,10.9568,-67.1944,1.346,-67.1944,0,110,124928,122976,20,3,8
0.75,5,-53.6515,0,37.5028,15,-62.3808,9.42934,-62.3808,0,38,0,0,20,3,4
0.75,6,-34.7858,0,61.2059,15,-65.0906,4.87348,-65.0906,0,65,100352,97600,20,3,8
0.75,7,-53.5202,0,24.3269,13.7849,-62.3869,9.42299,-62.3869,0,60,0,0,20,4,3
0.75,9,-49.949,0,30.3186,15,-63.7709,7.09496,-63.7709,0,75,0,0,20,4,3
0.75,10,-54.2592,0,23.1124,13.2329,-62.9349,8.49377,-62.9349,0,135,49152,48800,20,4,3
0.75,1,-43.2515,0,52.6863,15,-64.4829,16.8648,-64.4829,0,55,0,0,20,5,4
0.75,8,-56.9316,0,31.2618,15,-63.9897,6.73377,-63.9897,0,130,73728,74176,20,5,6
0.75,11,-40.8505,0,55.0697,15,-65.3846,4.379,-65.3846,0,90,0,0,20,5,6
0.75,12,-49.1609,0,46.0465,15,-63.8816,6.91173,-63.8816,0,45,22528,25376,20,5,2
0.75,13,-50.694,0,29.0791,15,-65.3123,4.50366,-65.3123,0,22,0,39040,20,5,6
0.75,14,-41.6285,0,54.3379,15,-64.7252,5.48955,-64.7252,0,35,0,0,20,6,5
0.75,15,-61.8964,0,21.8005,12.6366,-67.3972,1.00523,-67.3972,0,120,0,0,20,6,7
0.75,16,-52.4221,0,39.8232,15,-62.9395,8.49786,-62.9395,0,60,0,0,20,6,5
0.75,17,-55.9917,0,20.1717,11.8962,-61.8323,10.3539,-61.8323,0,20,0,0,20,7,8
0.75,18,-53.6296,0,24.1438,13.7017,-62.5769,18.9101,-62.5769,0,15,0,0,20,7,2
0.75,19,-50.1258,0,30.049,15,-64.1537,6.45576,-64.1537,0,105,0,0,20,7,6
0.75,20,-54.1539,0,23.2621,13.3009,-62.7106,8.99681,-62.7106,0,25,0,0,20,8,4
0.8,2,-47.6733,0,34.1686,15,-63.8886,6.89615,-63.8886,0,30,163840,160064,20,2,8
0.8,3,-55.8571,0,20.402,12.0009,-62.1995,10.4662,-62.1995,0,18,0,0,20,2,8
0.8,4,-57.3364,0,17.9185,10.872,-67.3144,1.14589,-67.3144,0,110,139264,134688,20,3,8
0.8,5,-53.8508,0,37.126,15,-62.301,9.56252,-62.301,0,38,0,0,20,3,4
0.8,6,-36.4193,0,59.5894,15,-64.9896,5.04184,-64.9896,0,65,112640,111264,20,3,8
0.8,7,-53.5267,0,24.3166,13.7803,-62.4015,9.39869,-62.4015,0,60,0,0,20,4,3
0.8,9,-49.682,0,30.7651,15,-63.7487,7.13217,-63.7487,0,75,0,0,20,4,3
0.8,10,-54.923,0,22.0033,12.7288,-62.7506,8.80103,-62.7506,0,135,61440,62464,20,4,3
0.8,1,-42.5209,0,53.4107,15,-64.5348,16.7667,-64.5348,0,55,0,0,20,5,4
0.8,8,-57.2805,0,30.6026,15,-64.1296,6.50056,-64.1296,0,130,88064,85888,20,5,6
0.8,11,-39.4091,0,56.5013,15,-65.2764,4.55938,-65.2764,0,90,0,0,20,5,6
0.8,12,-49.1548,0,46.059,15,-63.8558,6.95079,-63.8558,0,45,36864,37088,20,5,6
0.8,13,-50.732,0,29.0158,15,-65.2806,4.55642,-65.2806,0,22,0,78080,20,5,6
0.8,14,-42.1028,0,53.8675,15,-64.6697,5.58207,-64.6697,0,35,10240,13664,20,6,5
0.8,15,-62.1444,0,21.3316,12.4235,-67.5173,0.80486,-67.5173,0,120,0,0,20,6,7
0.8,16,-52.159,0,40.3205,15,-63.0487,8.31579,-63.0487,0,60,0,0,20,6,5
0.8,17,-55.9748,0,20.1999,11.909,-61.8148,10.3831,-61.8148,0,20,0,0,20,7,8
0.8,18,-53.6496,0,24.1104,13.6865,-62.5831,18.9594,-62.5831,0,15,0,0,20,7,2
0.8,19,-50.551,0,29.3416,15,-64.2374,6.3164,-64.2374,0,105,0,0,20,7,6
0.8,20,-54.1634,0,23.2463,13.2938,-62.7394,9.00217,-62.7394,0,25,0,0,20,8,4
0.85,2,-47.9211,0,33.7553,15,-63.8513,6.95828,-63.8513,0,30,176128,171776,20,2,8
0.85,3,-55.9205,0,20.2963,11.9529,-62.1914,10.4444,-62.1914,0,18,0,0,20,2,8
0.85,4,-57.4631,0,17.708,10.7764,-67.4332,0.947691,-67.4332,0,110,151552,146400,20,3,8
0.85,5,-54.0461,0,36.7568,15,-62.2204,9.69687,-62.2204,0,38,0,0,20,3,4
0.85,6,-38.0607,0,57.9581,15,-64.8875,5.21204,-64.8875,0,65,124928,122976,20,3,8
0.85,7,-53.5452,0,37.6979,15,-62.4178,9.37161,-62.4178,0,60,0,0,20,4,3
0.85,9,-49.4447,0,45.4898,15,-63.7283,15.3806,-63.7283,0,75,0,0,20,4,2
0.85,10,-55.5417,0,20.9691,12.2587,-62.5671,9.10723,-62.5671,0,135,73728,74176,20,4,3
0.85,1,-41.7855,0,54.1403,15,-64.587,5.72763,-64.587,0,55,0,0,20,5,4
0.85,8,-57.6276,0,17.4458,10.6572,-64.2707,6.26534,-64.2707,0,130,100352,97600,20,5,6
0.85,11,-38.1564,0,57.7564,15,-65.1677,4.74061,-65.1677,0,90,0,0,20,5,6
0.85,12,-49.1663,0,46.0383,15,-63.8114,7.02482,-63.8114,0,45,49152,48800,20,5,6
0.85,13,-50.7727,0,28.9482,15,-65.2489,4.60935,-65.2489,0,22,0,117120,20,5,6
0.85,14,-42.5779,0,53.3961,15,-64.6139,5.67512,-64.6139,0,35,22528,25376,20,6,5
0.85,15,-62.3865,0,9.43916,7.0178,-67.6365,6.65321,-67.6365,0,120,0,39040,20,6,5
0.85,16,-51.8969,0,40.8157,15,-63.1567,19.3966,-63.1567,0,60,0,0,20,6,5
0.85,17,-55.9586,0,20.2269,11.9213,-61.7974,10.4121,-61.7974,0,20,0,0,20,7,8
0.85,18,-53.6703,0,24.0759,13.6709,-62.5894,9.08238,-62.5894,0,15,0,0,20,7,8
0.85,19,-51.0046,0,42.5707,15,-64.3229,6.17379,-64.3229,0,105,0,0,20,7,6
0.85,20,-54.1747,0,36.4981,15,-62.7684,8.7831,-62.7684,0,25,0,0,20,8,3
0.9,2,-48.1659,0,33.3468,15,-63.814,7.02041,-63.814,0,30,190464,183488,20,2,8
0.9,3,-55.9836,0,20.191,11.905,-62.1836,10.4226,-62.1836,0,18,0,0,20,2,8
0.9,4,-57.603,0,17.4756,10.6707,-67.4193,0.959086,-67.4193,0,110,163840,160064,20,3,4
0.9,5,-54.2375,0,36.3948,15,-62.1391,9.83241,-62.1391,0,38,0,0,20,3,4
0.9,6,-39.5771,0,56.4473,15,-64.7843,5.38412,-64.7843,0,65,139264,134688,20,3,8
0.9,7,-53.5756,0,37.6415,15,-62.4357,9.34181,-62.4357,0,60,0,0,20,4,3
0.9,9,-49.2428,0,45.8743,15,-63.7099,15.5892,-63.7099,0,75,0,0,20,4,2
0.9,10,-56.1211,0,20.0002,11.8183,-62.3845,9.4117,-62.3845,0,135,88064,85888,20,4,3
0.9,1,-41.0668,0,54.8546,15,-64.6395,5.64008,-64.6395,0,55,0,0,20,5,4
0.9,8,-57.9716,0,16.8719,10.3963,-64.4128,6.0285,-64.4128,0,130,112640,111264,20,5,6
0.9,11,-37.4527,0,58.4869,15,-65.0585,4.92266,-65.0585,0,90,0,0,20,5,6
0.9,12,-49.1954,0,45.9848,15,-63.7673,7.09838,-63.7673,0,45,61440,62464,20,5,6
0.9,13,-50.8159,0,28.8763,15,-65.2171,4.66244,-65.2171,0,22,0,156160,20,5,6
0.9,14,-43.0492,0,52.9284,15,-64.5578,5.76871,-64.5578,0,35,36864,37088,20,6,5
0.9,15,-62.6229,0,9.04447,6.8384,-67.7549,6.48931,-67.7549,0,120,0,78080,20,6,5
0.9,16,-51.6372,0,41.3067,15,-63.2637,19.1943,-63.2637,0,60,10240,13664,20,6,5
0.9,17,-55.9432,0,20.2528,11.9331,-61.7802,10.4408,-61.7802,0,20,0,0,20,7,8
0.9,18,-53.6917,0,24.0404,13.6547,-62.5958,9.07173,-62.5958,0,15,0,0,20,7,8
0.9,19,-51.4754,0,41.6821,15,-64.4104,6.02817,-64.4104,0,105,0,0,20,7,6
0.9,20,-54.1877,0,36.4735,15,-62.7637,8.78605,-62.7637,0,25,0,0,20,8,2
0.95,2,-48.4075,0,32.9307,15,-63.7768,7.08451,-63.7768,0,30,202752,195200,20,2,8
0.95,3,-56.0466,0,32.9345,15,-62.1696,9.78615,-62.1696,0,18,0,0,20,2,6
0.95,4,-57.7548,0,17.215,10.5523,-67.3698,1.04436,-67.3698,0,110,176128,171776,20,3,4
0.95,5,-54.4251,0,36.0286,15,-62.057,18.1631,-62.057,0,38,0,0,20,3,2
0.95,6,-40.9424,0,55.0438,15,-64.6799,5.56378,-64.6799,0,65,151552,146400,20,3,8
0.95,7,-53.6176,0,24.165,13.7114,-62.4553,9.30821,-62.4553,0,60,0,0,20,4,3
0.95,9,-49.0819,0,46.1913,15,-63.6934,15.8071,-63.6934,0,75,0,0,20,4,2
0.95,10,-56.6659,0,19.0604,11.3911,-62.2035,9.72342,-62.2035,0,135,100352,97600,20,4,3
0.95,1,-40.3972,0,55.5427,15,-64.6923,5.54922,-64.6923,0,55,0,0,20,5,4
0.95,8,-58.3113,0,16.2869,10.1304,-64.5556,5.78271,-64.5556,0,130,124928,122976,20,5,6
0.95,11,-37.6104,0,58.3589,15,-64.9489,14.5546,-64.9489,0,90,0,0,20,5,4
0.95,12,-49.2418,0,31.5209,15,-63.7235,7.17381,-63.7235,0,45,73728,74176,20,5,6
0.95,13,-50.8616,0,42.8098,15,-65.1851,4.71741,-65.1851,0,22,0,195200,20,5,6
0.95,14,-43.5133,0,41.1665,15,-64.5013,5.86589,-64.5013,0,35,49152,48800,20,6,5
0.95,15,-62.293,0,9.5735,7.07886,-67.5194,0.78908,-67.5194,0,120.993,0,117120,20,6,7
0.95,16,-51.3812,0,27.9122,15,-63.3697,18.5341,-63.3697,0,60,22528,25376,20,6,2
0.95,17,-55.9284,0,20.2782,11.9446,-61.7631,10.4702,-61.7631,0,20,0,39040,20,7,8
0.95,18,-53.7136,0,37.3763,15,-62.6023,9.06058,-62.6023,0,15,0,0,20,7,8
0.95,19,-51.9545,0,26.9781,15,-64.4994,5.87491,-64.4994,0,105,0,0,20,7,6
0.95,20,-54.2026,0,36.4446,15,-62.727,8.84919,-62.727,0,25,0,0,20,8,2
1,2,-48.6458,0,32.5333,15,-63.7396,7.14659,-63.7396,0,30,215040,208864,20,2,8
1,3,-56.1092,0,32.8161,15,-62.1316,9.8494,-62.1316,0,18,0,0,20,2,6
1,4,-57.9172,0,16.9447,10.4294,-67.3217,1.12458,-67.3217,0,110,190464,183488,20,3,4
1,5,-54.6092,0,35.6806,15,-61.9742,18.1828,-61.9742,0,38,0,0,20,3,2
1,6,-42.1659,0,53.8263,15,-64.5743,5.73982,-64.5743,0,65,163840,160064,20,3,8
1,7,-53.6709,0,24.0766,13.6712,-62.4765,9.27295,-62.4765,0,60,0,0,20,4,3
1,9,-48.9665,0,46.4118,15,-63.6789,16.0205,-63.6789,0,75,0,0,20,4,2
1,10,-57.18,0,18.2018,11.0008,-62.0244,10.0221,-62.0244,0,135,112640,111264,20,4,3
1,1,-39.8216,0,56.1171,15,-64.7454,5.46076,-64.7454,0,55,0,0,20,5,4
1,8,-58.6459,0,15.7287,9.87667,-64.6989,5.54365,-64.6989,0,130,139264,134688,20,5,6
1,11,-38.5512,0,57.4424,15,-64.8388,14.5962,-64.8388,0,90,0,0,20,5,4
1,12,-49.3048,0,31.4166,15,-63.68,7.24636,-63.68,0,45,88064,85888,20,5,6
1,13,-50.9098,0,42.7189,15,-65.1531,4.77083,-65.1531,0,22,0,234240,20,5,6
1,14,-43.968,0,40.4078,15,-64.4445,5.9606,-64.4445,0,35,61440,62464,20,6,5
1,15,-62.1292,0,9.84672,7.20305,-67.3741,1.03127,-67.3741,0,120.993,0,156160,20,6,7
1,16,-51.1304,0,28.3308,15,-63.4746,18.5543,-63.4746,0,60,36864,37088,20,6,2
1,17,-55.9145,0,20.3015,11.9552,-61.7462,10.4984,-61.7462,0,20,0,78080,20,7,8
1,18,-53.7362,0,37.3337,15,-62.6089,9.04962,-62.6089,0,15,10240,13664,20,7,8
1,19,-52.4353,0,26.1764,15,-64.5901,5.72381,-64.5901,0,105,0,0,20,7,6
1,20,-54.2192,0,36.4134,15,-62.6903,8.91039,-62.6903,0,25,0,0,20,8,2
1.05,2,-48.8806,0,32.1416,15,-63.7024,7.20864,-63.7024,0,30,227328,220576,20,2,8
1.05,3,-56.1716,0,19.8741,11.761,-62.0936,9.91289,-62.0936,0,18,0,0,20,2,6
1.05,4,-58.089,0,16.6588,10.2994,-67.2752,1.20236,-67.2752,0,110,202752,195200,20,3,4
1.05,5,-54.7897,0,22.2049,12.8204,-61.8907,10.2509,-61.8907,0,38,0,0,20,3,4
1.05,6,-43.2659,0,52.731,15,-64.4674,5.91788,-64.4674,0,65,176128,171776,20,3,8
1.05,7,-53.7352,0,23.9701,13.6228,-62.4993,9.23506,-62.4993,0,60,0,0,20,4,3
1.05,9,-48.9004,0,32.0897,15,-63.6664,7.27081,-63.6664,0,75,0,0,20,4,3
1.05,10,-57.6667,0,29.8818,15,-61.8479,10.3166,-61.8479,0,135,124928,122976,20,4,3
1.05,1,-39.3931,0,56.5483,15,-64.7987,5.37189,-64.7987,0,55,0,0,20,5,4
1.05,8,-58.9748,0,27.3788,15,-64.8427,5.30399,-64.8427,0,130,151552,146400,20,5,6
1.05,11,-39.9035,0,56.1091,15,-64.7283,5.47914,-64.7283,0,90,0,0,20,5,6
1.05,12,-49.3838,0,31.2858,15,-63.6368,7.31838,-63.6368,0,45,100352,97600,20,5,6
1.05,13,-50.9603,0,28.6334,15,-65.1209,4.82441,-65.1209,0,22,0,273280,20,5,6
1.05,14,-44.4119,0,51.5608,15,-64.3873,6.05586,-64.3873,0,35,73728,74176,20,6,5
1.05,15,-61.967,0,10.1173,7.32604,-67.2264,1.27734,-67.2264,0,120.993,0,195200,20,6,7
1.05,16,-50.8865,0,42.7421,15,-63.5784,7.42645,-63.5784,0,60,49152,48800,20,6,5
1.05,17,-55.9012,0,20.3236,11.9653,-61.7294,22.1058,-61.7294,0,20,0,117120,20,7,8
1.05,18,-53.7594,0,23.9264,13.6029,-62.6155,9.03851,-62.6155,0,15,22528,25376,20,7,8
1.05,19,-52.9125,0,38.9373,15,-64.6822,5.57034,-64.6822,0,105,0,39040,20,7,6
1.05,20,-54.2375,0,36.3788,15,-62.6536,20.344,-62.6536,0,25,0,0,20,8,2
1.1,2,-49.1118,0,31.7557,15,-63.6652,7.27066,-63.6652,0,30,241664,232288,20,2,8
1.1,3,-56.2338,0,19.7704,11.7138,-62.0553,9.97664,-62.0553,0,18,0,0,20,2,6
1.1,4,-58.2689,0,16.3594,10.1634,-67.2301,1.27762,-67.2301,0,110,215040,208864,20,3,4
1.1,5,-54.967,0,21.9091,12.686,-61.8064,10.3914,-61.8064,0,38,0,0,20,3,4
1.1,6,-44.2608,0,51.7399,15,-64.3594,6.098,-64.3594,0,65,190464,183488,20,3,8
1.1,7,-53.8099,0,23.8463,13.5665,-62.5236,9.19459,-62.5236,0,60,0,0,20,4,3
1.1,9,-48.8858,0,32.1179,15,-63.6559,7.28845,-63.6559,0,75,0,0,20,4,3
1.1,10,-58.1287,0,29.0069,15,-61.6746,10.6059,-61.6746,0,135,139264,134688,20,4,3
1.1,1,-39.163,0,56.7862,15,-64.8396,5.29636,-64.8396,0,55,0,0,20,5,2
1.1,8,-59.2976,0,26.7684,15,-64.9866,5.06398,-64.9866,0,130,163840,160064,20,5,6
1.1,11,-41.3546,0,54.6697,15,-64.6175,5.66395,-64.6175,0,90,0,0,20,5,6
1.1,12,-49.478,0,31.1298,15,-63.594,7.38986,-63.594,0,45,112640,111264,20,5,6
1.1,13,-51.0131,0,28.5455,15,-65.0887,4.87816,-65.0887,0,22,0,312320,20,5,6
1.1,14,-44.844,0,51.1316,15,-64.3299,6.15169,-64.3299,0,35,88064,85888,20,6,5
1.1,15,-61.8068,0,10.3846,7.44754,-67.0763,1.52743,-67.0763,0,120.993,0,234240,20,6,7
1.1,16,-50.6515,0,43.1868,15,-63.577,7.42135,-63.577,0,60,61440,62464,20,6,2
1.1,17,-55.8888,0,20.3444,11.9747,-61.7128,22.1372,-61.7128,0,20,0,156160,20,7,8
1.1,18,-53.7831,0,23.8868,13.5849,-62.6223,9.02724,-62.6223,0,15,36864,37088,20,7,8
1.1,19,-53.3829,0,38.0479,15,-64.7756,5.41469,-64.7756,0,105,0,78080,20,7,6
1.1,20,-54.2576,0,36.3411,15,-62.6169,20.4134,-62.6169,0,25,10240,13664,20,8,2
1.15,2,-49.3394,0,31.3637,15,-63.628,7.33464,-63.628,0,30,253952,244000,20,2,8
1.15,3,-56.2958,0,32.4597,15,-62.0169,10.0427,-62.0169,0,18,0,0,20,2,6
1.15,4,-58.4557,0,16.0382,10.0174,-67.1866,1.35257,-67.1866,0,110,227328,220576,20,3,4
1.15,5,-55.141,0,34.6644,15,-61.7212,10.5379,-61.7212,0,38,0,0,20,3,4
1.15,6,-45.1664,0,50.8095,15,-64.25,14.1292,-64.25,0,65,202752,195200,20,3,4
1.15,7,-53.8946,0,23.7012,13.5005,-62.5495,20.5463,-62.5495,0,60,0,0,20,4,3
1.15,9,-48.9232,0,32.0568,15,-63.6474,7.30316,-63.6474,0,75,0,0,20,4,3
1.15,10,-58.5684,0,15.8584,9.93565,-61.505,10.8981,-61.505,0,135,151552,146400,20,4,3
1.15,1,-39.1635,0,56.7944,15,-64.8017,16.059,-64.8017,0,55,0,39040,20,5,4
1.15,8,-59.6139,0,14.0963,9.13466,-65.1306,7.94565,-65.1306,0,130,176128,171776,20,5,4
1.15,11,-42.7514,0,53.2361,15,-64.5063,5.85527,-64.5063,0,90,0,0,20,5,6
1.15,12,-49.5864,0,30.9441,15,-63.5515,7.46304,-63.5515,0,45,124928,122976,20,5,6
1.15,13,-51.068,0,42.417,15,-65.0564,4.93381,-65.0564,0,22,0,351360,20,5,6
1.15,14,-45.2638,0,50.7012,15,-64.272,6.25121,-64.272,0,35,100352,97600,20,6,5
1.15,15,-61.6491,0,10.6563,7.57105,-66.9238,1.78993,-66.9238,0,120.993,0,273280,20,6,7
1.15,16,-50.4277,0,43.6243,15,-63.5702,7.43298,-63.5702,0,60,73728,74176,20,6,2
1.15,17,-55.8771,0,33.2539,15,-61.6964,10.5824,-61.6964,0,20,0,195200,20,7,8
1.15,18,-53.8075,0,37.1976,15,-62.6291,9.01545,-62.6291,0,15,49152,48800,20,7,8
1.15,19,-53.8438,0,23.8014,13.5461,-64.8702,5.25194,-64.8702,0,105,0,117120,20,7,6
1.15,20,-54.2793,0,36.2988,15,-62.5801,20.485,-62.5801,0,25,22528,25376,20,8,2
1.2,2,-49.5634,0,30.99,15,-63.5909,7.39657,-63.5909,0,30,256000,257664,20,2,8
1.2,3,-56.3575,0,32.3432,15,-61.9784,10.107,-61.9784,0,18,0,0,20,2,6
1.2,4,-58.6484,0,15.7172,9.87145,-67.1447,1.42245,-67.1447,0,110,241664,232288,20,3,4
1.2,5,-55.3118,0,34.3414,15,-61.6353,10.6811,-61.6353,0,38,0,0,20,3,4
1.2,6,-45.9961,0,49.9845,15,-64.1394,14.0506,-64.1394,0,65,215040,208864,20,3,4
1.2,7,-53.9886,0,23.5449,13.4295,-62.5769,20.4946,-62.5769,0,60,0,0,20,4,3
1.2,9,-49.0112,0,31.9122,15,-63.641,7.31399,-63.641,0,75,0,0,20,4,3
1.2,10,-58.9879,0,15.158,9.61729,-61.3398,11.1737,-61.3398,0,135,163840,160064,20,4,3
1.2,1,-39.3944,0,56.5714,15,-64.7643,15.9571,-64.7643,0,55,0,78080,20,5,4
1.2,8,-59.9237,0,13.5794,8.89973,-65.2745,7.7586,-65.2745,0,130,190464,183488,20,5,4
1.2,11,-44.0417,0,51.9529,15,-64.3949,6.04107,-64.3949,0,90,0,0,20,5,6
1.2,12,-49.708,0,30.7419,15,-63.5094,7.53332,-63.5094,0,45,139264,134688,20,5,6
1.2,13,-51.1251,0,42.3094,15,-65.0239,4.9879,-65.0239,0,22,0,390400,20,5,6
1.2,14,-45.6713,0,50.2966,15,-64.2139,6.3482,-64.2139,0,35,112640,111264,20,6,5
1.2,15,-61.4942,0,10.9147,7.6885,-66.7686,2.04858,-66.7686,0,120.993,0,312320,20,6,7
1.2,16,-50.2172,0,44.0227,15,-63.5649,7.44202,-63.5649,0,60,88064,85888,20,6,2
1.2,17,-55.8662,0,33.2746,15,-61.6801,10.6095,-61.6801,0,20,0,234240,20,7,8
1.2,18,-53.8324,0,37.1505,15,-62.6361,9.00387,-62.6361,0,15,61440,62464,20,7,8
1.2,19,-54.2936,0,23.0506,13.2048,-64.9659,5.09244,-64.9659,0,105,0,156160,20,7,6
1.2,20,-54.3027,0,36.2547,15,-62.5434,20.5545,-62.5434,0,25,36864,37088,20,8,2
1.25,2,-49.7838,0,30.6223,15,-63.5537,18.6294,-63.5537,0,30,256000,269376,20,2,8
1.25,3,-56.4189,0,19.4584,11.572,-61.9397,10.1715,-61.9397,0,18,0,39040,20,2,6
1.25,4,-58.8459,0,15.3881,9.72186,-67.1046,11.8657,-67.1046,0,110,253952,244000,20,3,4
1.25,5,-55.4797,0,21.0443,12.2929,-61.5486,10.8256,-61.5486,0,38,0,0,20,3,4
1.25,6,-46.7606,0,35.739,15,-64.0274,6.65726,-64.0274,0,65,227328,220576,20,3,8
1.25,7,-54.0913,0,23.374,13.3518,-62.6058,9.05647,-62.6058,0,60,0,0,20,4,3
1.25,9,-49.1471,0,31.6884,15,-63.6366,7.32143,-63.6366,0,75,0,0,20,4,3
1.25,10,-59.3889,0,14.4882,9.31283,-61.1799,11.4407,-61.1799,0,135,176128,171776,20,4,3
1.25,1,-39.8235,0,56.1519,15,-64.7274,5.48564,-64.7274,0,55,0,117120,20,5,2
1.25,8,-60.2268,0,13.0736,8.66982,-65.4181,15.0919,-65.4181,0,130,202752,195200,20,5,6
1.25,11,-45.2173,0,50.7827,15,-64.2832,6.22726,-64.2832,0,90,0,0,20,5,6
1.25,12,-49.8416,0,44.7611,15,-63.4676,7.60299,-63.4676,0,45,151552,146400,20,5,6
1.25,13,-51.1841,0,42.1979,15,-64.9914,5.04215,-64.9914,0,22,0,429440,20,5,6
1.25,14,-46.0665,0,36.8824,15,-64.1553,6.44578,-64.1553,0,35,124928,122976,20,6,5
1.25,15,-61.3427,0,11.1675,7.8034,-66.6107,7.35267,-66.6107,0,120.993,0,351360,20,6,2
1.25,16,-50.0227,0,44.3914,15,-63.5608,18.6185,-63.5608,0,60,100352,97600,20,6,2
1.25,17,-55.856,0,20.3998,11.9999,-61.664,22.2304,-61.664,0,20,0,273280,20,7,8
1.25,18,-53.8579,0,37.1024,15,-62.6431,8.99214,-62.6431,0,15,73728,74176,20,7,8
1.25,19,-54.7315,0,22.3197,12.8726,-65.0625,4.93132,-65.0625,0,105,0,195200,20,7,6
1.25,20,-54.3277,0,36.2075,15,-62.5066,9.21863,-62.5066,0,25,49152,48800,20,8,2
1.3,2,-50.0005,0,30.2607,15,-63.5167,18.6994,-63.5167,0,30,256000,281088,20,2,8
1.3,3,-56.4801,0,19.3564,11.5256,-61.9008,10.2363,-61.9008,0,18,0,78080,20,2,6
1.3,4,-59.0473,0,15.0525,9.56933,-67.0661,11.9385,-67.0661,0,110,256000,257664,20,3,4
1.3,5,-55.6446,0,20.769,12.1677,-61.4611,10.9716,-61.4611,0,38,0,0,20,3,4
1.3,6,-47.4689,0,34.554,15,-63.914,6.84618,-63.914,0,65,241664,232288,20,3,8
1.3,7,-54.2023,0,23.1896,13.268,-62.6361,9.006,-62.6361,0,60,0,0,20,4,3
1.3,9,-49.3267,0,31.392,15,-63.6343,7.32549,-63.6343,0,75,0,0,20,4,3
1.3,10,-59.7731,0,13.8465,9.02111,-61.026,11.6978,-61.026,0,135,190464,183488,20,4,3
1.3,1,-40.3996,0,55.5856,15,-64.6911,5.54618,-64.6911,0,55,0,156160,20,5,2
1.3,8,-60.5232,0,12.5788,8.44492,-65.5614,14.8211,-65.5614,0,130,215040,208864,20,5,6
1.3,11,-46.2859,0,49.7182,15,-64.1714,6.41373,-64.1714,0,90,0,0,20,5,6
1.3,12,-49.9863,0,44.4887,15,-63.4262,7.67202,-63.4262,0,45,163840,160064,20,5,6
1.3,13,-51.2451,0,42.0829,15,-64.9588,5.09657,-64.9588,0,22,0,468480,20,5,6
1.3,14,-46.4495,0,36.2428,15,-64.0964,6.54395,-64.0964,0,35,139264,134688,20,6,5
1.3,15,-61.1952,0,11.4138,7.91537,-66.45,7.52739,-66.45,0,120.993,0,390400,20,6,2
1.3,16,-49.8466,0,44.7258,15,-63.5581,18.6237,-63.5581,0,60,112640,111264,20,6,2
1.3,17,-55.8467,0,20.4155,12.007,-61.6481,22.2605,-61.6481,0,20,0,312320,20,7,8
1.3,18,-53.884,0,37.0532,15,-62.6503,8.98026,-62.6503,0,15,88064,85888,20,7,8
1.3,19,-55.157,0,21.6094,12.5497,-65.16,4.76874,-65.16,0,105,0,234240,20,7,6
1.3,20,-54.3544,0,36.1573,15,-62.4699,9.27992,-62.4699,0,25,61440,62464,20,8,2
1.35,2,-50.2136,0,44.0516,15,-63.4796,17.7149,-63.4796,0,30,256000,292800,20,2,7
1.35,3,-56.541,0,19.2514,11.4779,-61.8618,10.3035,-61.8618,0,18,0,117120,20,2,6
1.35,4,-59.2517,0,14.7008,9.40944,-67.0294,12.0102,-67.0294,0,110,256000,269376,20,3,4
1.35,5,-55.8067,0,20.4898,12.0408,-61.3727,11.1237,-61.3727,0,38,0,0,20,3,4
1.35,6,-48.1283,0,47.8421,15,-63.7992,7.04363,-63.7992,0,65,253952,244000,20,3,8
1.35,7,-54.3207,0,22.9862,13.1755,-62.6678,8.95143,-62.6678,0,60,0,0,20,4,3
1.35,9,-49.5448,0,45.3267,15,-63.634,7.32611,-63.634,0,75,0,0,20,4,3
1.35,10,-60.1417,0,13.211,8.73228,-60.8789,11.9515,-60.8789,0,135,202752,195200,20,4,3
1.35,1,-41.0695,0,54.9024,15,-64.6554,5.60764,-64.6554,0,55,0,195200,20,5,2
1.35,8,-60.813,0,12.0796,8.21799,-65.7043,3.85174,-65.7043,0,130,227328,220576,20,5,6
1.35,11,-47.2595,0,48.7179,15,-64.0594,17.6639,-64.0594,0,90,0,0,20,5,6
1.35,12,-50.1407,0,30.014,15,-63.3852,7.74258,-63.3852,0,45,176128,171776,20,5,6
1.35,13,-51.3079,0,28.0482,15,-64.926,5.15292,-64.926,0,22,0,507520,20,5,6
1.35,14,-46.8207,0,49.1431,15,-64.0372,6.64591,-64.0372,0,35,151552,146400,20,6,5
1.35,15,-61.0522,0,11.6603,8.02742,-66.2865,2.86065,-66.2865,0,120.993,0,429440,20,6,7
1.35,16,-49.6915,0,30.7569,15,-63.5567,7.45597,-63.5567,0,60,124928,122976,20,6,2
1.35,17,-55.8381,0,33.3283,15,-61.6323,10.6901,-61.6323,0,20,0,351360,20,7,8
1.35,18,-53.9106,0,37.0014,15,-62.6575,8.96784,-62.6575,0,15,100352,97600,20,7,8
1.35,19,-55.5697,0,20.8981,12.2264,-65.2584,4.59957,-65.2584,0,105,0,273280,20,7,6
1.35,20,-54.3826,0,22.8784,13.1265,-62.4331,9.34319,-62.4331,0,25,73728,74176,20,8,2
1.4,2,-50.4232,0,43.6554,15,-63.4426,17.8054,-63.4426,0,30,256000,306464,20,2,7
1.4,3,-56.6017,0,19.1502,11.4319,-61.8226,10.3688,-61.8226,0,18,0,156160,20,2,6
1.4,4,-59.4584,0,14.3562,9.2528,-66.9946,12.0762,-66.9946,0,110,256000,281088,20,3,4
1.4,5,-55.9661,0,20.2239,11.92,-61.2834,11.2725,-61.2834,0,38,0,0,20,3,4
1.4,6,-48.7449,0,46.876,15,-63.683,7.23732,-63.683,0,65,256000,257664,20,3,8
1.4,7,-54.446,0,22.7775,13.0807,-62.701,8.89622,-62.701,0,60,0,0,20,4,3
1.4,9,-49.7958,0,44.8539,15,-63.6358,7.32326,-63.6358,0,75,0,0,20,4,3
1.4,10,-60.496,0,12.6196,8.46344,-60.7394,12.1844,-60.7394,0,135,215040,208864,20,4,3
1.4,1,-41.7883,0,54.1902,15,-64.6204,5.66617,-64.6204,0,55,0,234240,20,5,2
1.4,8,-61.0963,0,11.607,8.00316,-65.8466,3.61439,-65.8466,0,130,241664,232288,20,5,6
1.4,11,-48.1505,0,47.832,15,-63.9474,17.8755,-63.9474,0,90,0,0,20,5,6
1.4,12,-50.3039,0,29.7423,15,-63.3447,7.81024,-63.3447,0,45,190464,183488,20,5,6
1.4,13,-51.3725,0,27.9406,15,-64.8932,5.20769,-64.8932,0,22,0,546560,20,5,6
1.4,14,-47.1806,0,48.7859,15,-63.9776,6.7453,-63.9776,0,35,163840,160064,20,6,5
1.4,15,-60.9142,0,11.8906,8.1321,-66.12,3.13817,-66.12,0,120.993,0,468480,20,6,7
1.4,16,-49.5598,0,30.9777,15,-63.5566,7.45611,-63.5566,0,60,139264,134688,20,6,2
1.4,17,-55.8303,0,33.3431,15,-61.6168,10.7161,-61.6168,0,20,0,390400,20,7,8
1.4,18,-53.9377,0,36.9502,15,-62.6648,8.95565,-62.6648,0,15,112640,111264,20,7,8
1.4,19,-55.9699,0,20.2303,11.9229,-65.3574,4.43452,-65.3574,0,105,0,312320,20,7,6
1.4,20,-54.4124,0,22.8288,13.104,-62.3964,9.40448,-62.3964,0,25,88064,85888,20,8,2
1.45,2,-50.6293,0,43.2658,15,-63.4057,7.7074,-63.4057,0,30,256000,318176,20,2,8
1.45,3,-56.6622,0,19.0494,11.3861,-61.7833,13.8356,-61.7833,0,18,0,195200,20,2,4
1.45,4,-59.6667,0,26.0519,15,-66.9616,1.73044,-66.9616,0,110,256000,292800,20,3,4
1.45,5,-56.1228,0,19.9624,11.8011,-61.1932,11.4228,-61.1932,0,38,0,0,20,3,4
1.45,6,-49.3236,0,31.4189,15,-63.5654,7.43344,-63.5654,0,65,256000,269376,20,3,8
1.45,7,-54.5776,0,35.7399,15,-62.5939,9.06677,-62.5939,0,60,0,0,20,4,2
1.45,9,-50.0741,0,44.3298,15,-63.6396,7.31702,-63.6396,0,75,0,0,20,4,3
1.45,10,-60.8371,0,12.0501,8.20458,-60.6085,12.4032,-60.6085,0,135,227328,220576,20,4,3
1.45,1,-42.5237,0,53.4608,15,-64.5859,5.72366,-64.5859,0,55,0,273280,20,5,2
1.45,8,-61.3731,0,11.145,7.79317,-65.9883,3.37806,-65.9883,0,130,253952,244000,20,5,6
1.45,11,-48.9698,0,32.0288,15,-63.8354,6.97995,-63.8354,0,90,0,0,20,5,6
1.45,12,-50.4747,0,43.5579,15,-63.3045,7.87718,-63.3045,0,45,202752,195200,20,5,6
1.45,13,-51.4387,0,27.8303,15,-64.8602,5.26262,-64.8602,0,22,0,585600,20,5,6
1.45,14,-47.5294,0,34.4203,15,-63.9176,6.84529,-63.9176,0,35,176128,171776,20,6,5
1.45,15,-60.7819,0,12.1115,8.23251,-65.9504,3.4208,-65.9504,0,120.993,0,507520,20,6,7
1.45,16,-49.4538,0,31.1561,15,-63.5579,7.46176,-63.5579,0,60,151552,146400,20,6,4
1.45,17,-55.8233,0,20.455,12.025,-61.6013,10.7418,-61.6013,0,20,0,429440,20,7,8
1.45,18,-53.9654,0,36.8979,15,-62.6722,8.94332,-62.6722,0,15,124928,122976,20,7,8
1.45,19,-56.3576,0,19.583,11.6286,-65.4569,4.26849,-65.4569,0,105,0,351360,20,7,6
1.45,20,-54.4437,0,35.9872,15,-62.3596,9.46576,-62.3596,0,25,100352,97600,20,8,2
1.5,2,-50.8319,0,42.8827,15,-63.3687,7.76896,-63.3687,0,30,256000,329888,20,2,8
1.5,3,-56.7224,0,18.949,11.3405,-61.7438,13.7969,-61.7438,0,18,0,234240,20,2,4
1.5,4,-59.876,0,25.6565,14.3893,-66.9305,1.78244,-66.9305,0,110,256000,306464,20,3,4
1.5,5,-56.277,0,19.7052,11.6842,-61.1022,11.5745,-61.1022,0,38,0,0,20,3,4
1.5,6,-49.8688,0,30.5075,15,-63.4462,7.63206,-63.4462,0,65,256000,281088,20,3,8
1.5,7,-54.7147,0,35.4812,15,-62.4806,9.25576,-62.4806,0,60,0,0,20,4,2
1.5,9,-50.3742,0,43.7644,15,-63.6454,7.30739,-63.6454,0,75,0,0,20,4,3
1.5,10,-61.1658,0,11.501,7.955,-60.487,12.6065,-60.487,0,135,241664,232288,20,4,3
1.5,1,-43.2543,0,52.7356,15,-64.5521,5.78009,-64.5521,0,55,0,312320,20,5,2
1.5,8,-61.6436,0,10.6934,7.5879,-66.1293,3.14289,-66.1293,0,130,256000,257664,20,5,6
1.5,11,-49.727,0,30.762,15,-63.7235,7.16657,-63.7235,0,90,0,0,20,5,6
1.5,12,-50.6521,0,43.2232,15,-63.2649,7.94339,-63.2649,0,45,215040,208864,20,5,6
1.5,13,-51.5065,0,27.7174,15,-64.8272,5.31773,-64.8272,0,22,0,624640,20,5,6
1.5,14,-47.8676,0,33.8556,15,-63.8572,6.94591,-63.8572,0,35,190464,183488,20,6,5
1.5,15,-60.656,0,12.322,8.32819,-65.7776,3.70874,-65.7776,0,120.993,0,546560,20,6,7
1.5,16,-49.3752,0,31.2891,15,-63.5606,7.44977,-63.5606,0,60,163840,160064,20,6,2
1.5,17,-55.8171,0,20.4654,12.0297,-61.5861,10.7673,-61.5861,0,20,0,468480,20,7,8
1.5,18,-53.9935,0,36.8448,15,-62.6797,8.93084,-62.6797,0,15,139264,134688,20,7,8
1.5,19,-56.7333,0,18.9557,11.3435,-65.557,4.1016,-65.557,0,105,0,390400,20,7,6
1.5,20,-54.4764,0,35.9254,15,-62.3229,9.52704,-62.3229,0,25,112640,111264,20,8,2
1.55,2,-51.0311,0,42.4939,15,-63.3319,7.83241,-63.3319,0,30,256000,341600,20,2,8
1.55,3,-56.7823,0,18.8459,11.2936,-61.7041,22.1536,-61.7041,0,18,0,273280,20,2,6
1.55,4,-60.0858,0,13.2989,8.77223,-66.9013,1.83275,-66.9013,0,110,256000,318176,20,3,4
1.55,5,-56.4287,0,19.4439,11.5654,-61.0102,11.7328,-61.0102,0,38,0,0,20,3,4
1.55,6,-50.384,0,43.7404,15,-63.3255,7.83977,-63.3255,0,65,256000,292800,20,3,8
1.55,7,-54.8569,0,22.0858,12.7663,-62.366,20.0535,-62.366,0,60,0,0,20,4,3
1.55,9,-50.6909,0,29.0958,15,-63.5878,7.39843,-63.5878,0,75,0,0,20,4,2
1.55,10,-61.4832,0,10.9541,7.70641,-60.3758,12.7986,-60.3758,0,135,253952,244000,20,4,3
1.55,1,-43.967,0,52.0049,15,-64.5189,5.83721,-64.5189,0,55,0,351360,20,5,2
1.55,8,-61.908,0,10.2379,7.38086,-66.2696,2.90146,-66.2696,0,130,256000,269376,20,5,6
1.55,11,-50.43,0,29.5488,15,-63.6118,14.8246,-63.6118,0,90,0,0,20,5,4
1.55,12,-50.8351,0,42.8666,15,-63.2256,19.2554,-63.2256,0,45,227328,220576,20,5,6
1.55,13,-51.5758,0,41.4506,15,-64.794,5.3748,-64.794,0,22,0,663680,20,5,6
1.55,14,-48.1957,0,47.7672,15,-63.7965,7.05043,-63.7965,0,35,202752,195200,20,6,5
1.55,15,-60.5371,0,12.5272,8.42146,-65.6014,4.01174,-65.6014,0,120.993,0,585600,20,6,7
1.55,16,-49.3258,0,31.3761,15,-63.5645,7.44304,-63.5645,0,60,176128,171776,20,6,2
1.55,17,-55.8118,0,20.4747,12.0339,-61.571,10.7932,-61.571,0,20,0,507520,20,7,8
1.55,18,-54.0222,0,23.4842,13.4019,-62.6873,8.9178,-62.6873,0,15,151552,146400,20,7,8
1.55,19,-57.0972,0,18.3285,11.0584,-65.6576,3.92857,-65.6576,0,105,0,429440,20,7,6
1.55,20,-54.5107,0,22.6633,13.0288,-62.2861,9.59028,-62.2861,0,25,124928,122976,20,8,2
1.6,2,-51.227,0,42.1236,15,-63.2951,7.8938,-63.2951,0,30,256000,355264,20,2,8
1.6,3,-56.842,0,18.7463,11.2483,-61.6642,22.2288,-61.6642,0,18,0,312320,20,2,6
1.6,4,-60.2955,0,12.9492,8.61327,-66.8741,1.87815,-66.8741,0,110,256000,329888,20,3,4
1.6,5,-56.578,0,19.1949,11.4522,-60.9173,11.8876,-60.9173,0,38,0,0,20,3,4
1.6,6,-50.8723,0,42.8164,15,-63.2032,8.04365,-63.2032,0,65,256000,306464,20,3,8
1.6,7,-55.0035,0,21.8415,12.6552,-62.2503,19.981,-62.2503,0,60,0,0,20,4,3
1.6,9,-51.0199,0,28.5477,15,-63.4576,7.61546,-63.4576,0,75,0,0,20,4,2
1.6,10,-61.7898,0,10.4423,7.47376,-60.2758,12.966,-60.2758,0,135,253952,257664,20,4,3
1.6,1,-44.6547,0,51.322,15,-64.4289,5.98496,-64.4289,0,55,0,390400,20,5,6
1.6,8,-62.1664,0,9.8067,7.18486,-66.409,2.66895,-66.409,0,130,256000,281088,20,5,6
1.6,11,-51.0855,0,28.4536,15,-63.5002,14.8234,-63.5002,0,90,0,0,20,5,4
1.6,12,-51.0228,0,42.5122,15,-63.1869,19.3286,-63.1869,0,45,241664,232288,20,5,6
1.6,13,-51.6465,0,41.3171,15,-64.7607,5.43026,-64.7607,0,22,0,702720,20,5,6
1.6,14,-48.5141,0,47.2983,15,-63.7354,7.15232,-63.7354,0,35,215040,208864,20,6,5
1.6,15,-60.4257,0,12.7132,8.50601,-65.4218,4.31109,-65.4218,0,120.993,0,624640,20,6,7
1.6,16,-49.3063,0,31.41,15,-63.5698,7.43429,-63.5698,0,60,190464,183488,20,6,2
1.6,17,-55.8072,0,20.4823,12.0374,-61.5562,10.818,-61.5562,0,20,0,546560,20,7,8
1.6,18,-54.0514,0,23.4356,13.3798,-62.6949,8.90502,-62.6949,0,15,163840,160064,20,7,8
1.6,19,-57.4499,0,17.7399,10.7909,-65.7585,3.76034,-65.7585,0,105,0,468480,20,7,6
1.6,20,-54.5463,0,22.604,13.0018,-62.2494,9.65152,-62.2494,0,25,139264,134688,20,8,2
1.65,2,-51.4195,0,27.8708,15,-63.2583,15.5181,-63.2583,0,30,256000,366976,20,2,3
1.65,3,-56.9014,0,18.6472,11.2033,-61.6242,10.7017,-61.6242,0,18,0,351360,20,2,6
1.65,4,-60.5048,0,12.6002,8.45463,-66.849,7.70663,-66.849,0,110,256000,341600,20,3,2
1.65,5,-56.7249,0,18.9497,11.3408,-60.8235,12.0441,-60.8235,0,38,0,0,20,3,4
1.65,6,-51.3362,0,28.0286,15,-63.0792,8.25022,-63.0792,0,65,256000,318176,20,3,8
1.65,7,-55.154,0,21.5908,12.5413,-62.1334,9.84061,-62.1334,0,60,0,0,20,4,2
1.65,9,-51.3571,0,27.9858,15,-63.3258,7.83518,-63.3258,0,75,0,0,20,4,2
1.65,10,-62.0865,0,9.94699,7.24863,-60.1877,13.1137,-60.1877,0,135,256000,269376,20,4,3
1.65,1,-45.3139,0,38.1646,15,-64.3365,6.13887,-64.3365,0,55,0,429440,20,5,6
1.65,8,-62.4191,0,9.3851,6.99323,-66.5475,2.4379,-66.5475,0,130,256000,292800,20,5,6
1.65,11,-51.6992,0,27.4279,15,-63.389,7.73036,-63.389,0,90,0,0,20,5,6
1.65,12,-51.2144,0,28.2158,15,-63.1486,12.9474,-63.1486,0,45,253952,244000,20,5,4
1.65,13,-51.7185,0,41.1811,15,-64.7274,12.8371,-64.7274,0,22,0,741760,20,5,2
1.65,14,-48.8232,0,46.7136,15,-63.6739,7.25485,-63.6739,0,35,227328,220576,20,6,5
1.65,15,-60.3227,0,12.8856,8.58435,-65.2386,4.61639,-65.2386,0,120.993,0,663680,20,6,7
1.65,16,-49.3171,0,31.3937,15,-63.5764,7.42334,-63.5764,0,60,202752,195200,20,6,2
1.65,17,-55.8034,0,20.4887,12.0403,-61.5415,10.8425,-61.5415,0,20,0,585600,20,7,8
1.65,18,-54.081,0,23.3862,13.3574,-62.7027,8.8921,-62.7027,0,15,176128,171776,20,7,8
1.65,19,-57.7918,0,29.633,15,-65.8597,3.59164,-65.8597,0,105,0,507520,20,7,6
1.65,20,-54.5834,0,22.5423,12.9738,-62.2127,21.1838,-62.2127,0,25,151552,146400,20,8,2
1.7,2,-51.6089,0,27.5548,15,-63.2216,15.4784,-63.2216,0,30,256000,378688,20,2,3
1.7,3,-56.9606,0,18.5485,11.1584,-61.5841,10.7687,-61.5841,0,18,0,390400,20,2,6
1.7,4,-60.7133,0,12.2525,8.29658,-66.8259,7.603,-66.8259,0,110,256000,355264,20,3,2
1.7,5,-56.8696,0,18.7083,11.231,-60.7286,12.2022,-60.7286,0,38,0,0,20,3,4
1.7,6,-51.7781,0,27.2902,15,-62.9536,8.45956,-62.9536,0,65,256000,329888,20,3,8
1.7,7,-55.3078,0,21.3345,12.4248,-62.0153,10.0375,-62.0153,0,60,0,0,20,4,2
1.7,9,-51.6993,0,27.4154,15,-63.1923,8.05765,-63.1923,0,75,0,0,20,4,2
1.7,10,-62.3738,0,9.4672,7.03055,-60.1122,13.2404,-60.1122,0,135,256000,281088,20,4,3
1.7,1,-45.9436,0,37.1125,15,-64.2433,6.29435,-64.2433,0,55,0,468480,20,5,6
1.7,8,-62.6661,0,8.97282,6.80583,-66.6851,2.20837,-66.6851,0,130,256000,306464,20,5,6
1.7,11,-52.2759,0,26.4637,15,-63.2783,7.91511,-63.2783,0,90,0,0,20,5,6
1.7,12,-51.4091,0,27.8914,15,-63.1109,12.8366,-63.1109,0,45,256000,257664,20,5,4
1.7,13,-51.7918,0,41.0427,15,-64.6939,12.8501,-64.6939,0,22,0,780800,20,5,2
1.7,14,-49.1235,0,46.1455,15,-63.612,7.35803,-63.612,0,35,241664,232288,20,6,5
1.7,15,-60.2285,0,13.0432,8.65601,-65.0516,4.92789,-65.0516,0,120.993,0,702720,20,6,7
1.7,16,-49.3582,0,31.3275,15,-63.5843,7.41021,-63.5843,0,60,215040,208864,20,6,2
1.7,17,-55.8005,0,20.4937,12.0426,-61.5269,10.8668,-61.5269,0,20,0,624640,20,7,8
1.7,18,-54.1111,0,23.336,13.3345,-62.7105,8.87903,-62.7105,0,15,190464,183488,20,7,8
1.7,19,-58.1233,0,29.0057,15,-65.9611,3.42256,-65.9611,0,105,0,546560,20,7,6
1.7,20,-54.6218,0,22.4784,12.9447,-62.176,21.2531,-62.176,0,25,163840,160064,20,8,2
1.75,2,-51.7951,0,27.2341,15,-63.185,8.07933,-63.185,0,30,256000,390400,20,2,8
1.75,3,-57.0195,0,18.4471,11.1123,-61.5437,10.8381,-61.5437,0,18,0,429440,20,2,6
1.75,4,-60.9206,0,23.6571,13.4805,-66.8049,1.99518,-66.8049,0,110,256000,366976,20,3,4
1.75,5,-57.0121,0,18.4629,11.1195,-60.6328,12.3671,-60.6328,0,38,0,0,20,3,4
1.75,6,-52.1999,0,26.5629,15,-62.8263,8.67862,-62.8263,0,65,256000,341600,20,3,8
1.75,7,-55.4645,0,21.0649,12.3022,-61.896,21.7844,-61.896,0,60,0,0,20,4,2
1.75,9,-52.0438,0,40.5716,15,-63.0572,8.29023,-63.0572,0,75,0,0,20,4,2
1.75,10,-62.6524,0,8.9872,6.81236,-60.0502,13.3481,-60.0502,0,135,256000,292800,20,4,3
1.75,1,-46.5438,0,36.0775,15,-64.149,17.0319,-64.149,0,55,0,507520,20,5,2
1.75,8,-62.9076,0,8.55672,6.61669,-66.8217,1.9731,-66.8217,0,130,256000,318176,20,5,6
1.75,11,-52.8196,0,25.5259,14.33,-63.134,8.1604,-63.134,0,90,0,0,20,5,2
1.75,12,-51.6061,0,41.3987,15,-63.0736,8.26651,-63.0736,0,45,256000,269376,20,5,6
1.75,13,-51.8662,0,27.1101,15,-64.6603,5.59949,-64.6603,0,22,0,780800,20,5,6
1.75,14,-49.4153,0,45.5756,15,-63.5497,7.46523,-63.5497,0,35,253952,244000,20,6,5
1.75,15,-60.1439,0,13.1895,8.72249,-64.8607,5.25621,-64.8607,0,120.993,0,741760,20,6,7
1.75,16,-49.4286,0,31.2081,15,-63.5936,7.39438,-63.5936,0,60,227328,220576,20,6,2
1.75,17,-55.7983,0,20.4974,12.0443,-61.5126,10.8914,-61.5126,0,20,0,663680,20,7,8
1.75,18,-54.1417,0,23.2834,13.3106,-62.7184,8.86539,-62.7184,0,15,202752,195200,20,7,8
1.75,19,-58.445,0,28.3777,15,-66.0626,3.24775,-66.0626,0,105,0,585600,20,7,6
1.75,20,-54.6615,0,35.5717,15,-62.1393,9.83708,-62.1393,0,25,176128,171776,20,8,2
1.8,2,-51.9783,0,26.9285,15,-63.1484,8.1403,-63.1484,0,30,256000,404064,20,2,8
1.8,3,-57.0782,0,18.3492,11.0678,-61.5032,10.9057,-61.5032,0,18,0,468480,20,2,6
1.8,4,-61.1267,0,23.2677,13.3035,-66.786,2.02678,-66.786,0,110,256000,378688,20,3,4
1.8,5,-57.1525,0,18.2287,11.013,-60.5359,12.5285,-60.5359,0,38,0,0,20,3,4
1.8,6,-52.6033,0,25.8894,14.4952,-62.6972,8.8938,-62.6972,0,65,251904,355264,20,3,8
1.8,7,-55.6237,0,20.7996,12.1817,-61.7754,22.0121,-61.7754,0,60,0,0,20,4,2
1.8,9,-52.3884,0,39.9206,15,-62.9202,8.51844,-62.9202,0,75,0,0,20,4,2
1.8,10,-62.9227,0,8.5361,6.60732,-60.002,13.429,-60.002,0,135,256000,306464,20,4,3
1.8,1,-47.1157,0,35.1226,15,-64.0538,17.0879,-64.0538,0,55,0,546560,20,5,2
1.8,8,-63.1439,0,8.16249,6.4375,-66.9574,1.74686,-66.9574,0,130,256000,329888,20,5,6
1.8,11,-53.3337,0,24.6673,13.9397,-62.9799,8.41719,-62.9799,0,90,0,0,20,5,2
1.8,12,-51.8049,0,41.0232,15,-63.0369,8.32772,-63.0369,0,45,256000,281088,20,5,6
1.8,13,-51.9418,0,26.9842,15,-64.6266,5.65566,-64.6266,0,22,0,780800,20,5,6
1.8,14,-49.6992,0,45.039,15,-63.487,7.56975,-63.487,0,35,256000,257664,20,6,5
1.8,15,-60.0694,0,13.3142,8.7792,-64.6658,5.58112,-64.6658,0,120.993,0,780800,20,6,7
1.8,16,-49.527,0,31.0453,15,-63.6041,7.37686,-63.6041,0,60,241664,232288,20,6,2
1.8,17,-55.797,0,20.4997,12.0453,-61.4985,10.915,-61.4985,0,20,0,702720,20,7,8
1.8,18,-54.1727,0,23.2317,13.2871,-62.7265,8.85203,-62.7265,0,15,215040,208864,20,7,8
1.8,19,-58.7572,0,27.7873,15,-66.1643,3.07823,-66.1643,0,105,0,624640,20,7,6
1.8,20,-54.7024,0,35.4944,15,-62.1027,9.8982,-62.1027,0,25,190464,183488,20,8,2
1.85,2,-52.1584,0,40.3512,15,-63.112,8.20114,-63.112,0,30,256000,415776,20,2,8
1.85,3,-57.1366,0,18.2518,11.0235,-61.4625,21.4706,-61.4625,0,18,0,507520,20,2,5
1.85,4,-61.3311,0,11.2108,7.8231,-66.7692,2.05484,-66.7692,0,110,256000,390400,20,3,4
1.85,5,-57.2907,0,17.998,10.9082,-60.4381,12.6917,-60.4381,0,38,0,0,20,3,4
1.85,6,-52.9899,0,25.2438,14.2017,-62.5663,9.11197,-62.5663,0,65,256000,366976,20,3,8
1.85,7,-55.7848,0,20.5311,12.0596,-61.6536,22.2421,-61.6536,0,60,0,0,20,4,2
1.85,9,-52.7312,0,25.6762,14.3983,-62.7816,8.74957,-62.7816,0,75,0,0,20,4,2
1.85,10,-63.1852,0,8.0979,6.40813,-59.9683,13.4862,-59.9683,0,135,256000,318176,20,4,3
1.85,1,-47.6606,0,34.2123,15,-63.9576,6.77562,-63.9576,0,55,0,585600,20,5,6
1.85,8,-63.375,0,7.77673,6.26215,-67.092,1.52231,-67.092,0,130,256000,341600,20,5,6
1.85,11,-53.8212,0,23.8529,13.5695,-62.824,8.67704,-62.824,0,90,0,0,20,5,2
1.85,12,-52.0048,0,26.8876,15,-63.0008,8.38803,-63.0008,0,45,256000,292800,20,5,6
1.85,13,-52.0184,0,40.6102,15,-64.5928,5.712,-64.5928,0,22,0,780800,20,5,6
1.85,14,-49.9753,0,30.304,15,-63.4239,18.8747,-63.4239,0,35,256000,269376,20,6,5
1.85,15,-60.0055,0,13.4214,8.82792,-64.4665,5.91305,-64.4665,0,120.993,0,780800,20,6,7
1.85,16,-49.6516,0,45.1229,15,-63.616,7.35718,-63.616,0,60,253952,244000,20,6,2
1.85,17,-55.7965,0,20.5006,12.0457,-61.4845,10.9383,-61.4845,0,20,0,741760,20,7,8
1.85,18,-54.2042,0,23.1792,13.2633,-62.7346,8.83853,-62.7346,0,15,227328,220576,20,7,8
1.85,19,-59.0603,0,15.0343,9.56105,-66.266,2.90864,-66.266,0,105,0,663680,20,7,6
1.85,20,-54.7446,0,35.4147,15,-62.066,9.95929,-62.066,0,25,202752,195200,20,8,2
1.9,2,-52.3357,0,40.0161,15,-63.0755,8.26186,-63.0755,0,30,256000,427488,20,2,8
1.9,3,-57.1948,0,18.1548,10.9794,-61.4216,21.4796,-61.4216,0,18,0,546560,20,2,5
1.9,4,-61.5338,0,10.8727,7.66941,-66.7546,2.07931,-66.7546,0,110,256000,404064,20,3,4
1.9,5,-57.427,0,17.7706,10.8048,-60.3391,12.8566,-60.3391,0,38,0,0,20,3,4
1.9,6,-53.3609,0,24.624,13.92,-62.4335,9.33322,-62.4335,0,65,256000,378688,20,3,8
1.9,7,-55.9475,0,20.2599,11.9363,-61.5306,22.4745,-61.5306,0,60,0,0,20,4,2
1.9,9,-53.0709,0,25.1094,14.1406,-62.6411,8.98366,-62.6411,0,75,0,0,20,4,2
1.9,10,-63.4404,0,7.67187,6.21449,-59.9492,13.519,-59.9492,0,135,256000,329888,20,4,3
1.9,1,-48.1802,0,33.3442,15,-63.8603,6.9377,-63.8603,0,55,0,624640,20,5,6
1.9,8,-63.6013,0,7.39913,6.09051,-67.2256,1.29951,-67.2256,0,130,256000,355264,20,5,6
1.9,11,-54.2846,0,23.0785,13.2175,-62.6663,8.93997,-62.6663,0,90,0,0,20,5,2
1.9,12,-52.2054,0,26.5531,15,-62.9652,8.44739,-62.9652,0,45,256000,306464,20,5,6
1.9,13,-52.0959,0,40.4638,15,-64.5589,5.76852,-64.5589,0,22,0,780800,20,5,6
1.9,14,-50.2441,0,29.8553,15,-63.3604,18.9946,-63.3604,0,35,256000,281088,20,6,5
1.9,15,-59.9527,0,13.5103,8.86833,-64.2629,6.25231,-64.2629,0,120.993,0,780800,20,6,7
1.9,16,-49.8003,0,44.8438,15,-63.6291,7.33538,-63.6291,0,60,256000,257664,20,6,2
1.9,17,-55.7968,0,20.5001,12.0455,-61.4708,10.9612,-61.4708,0,20,0,780800,20,7,8
1.9,18,-54.2361,0,23.1261,13.2391,-62.7427,8.82488,-62.7427,0,15,241664,232288,20,7,8
1.9,19,-59.3549,0,14.5425,9.33751,-66.3677,2.73906,-66.3677,0,105,0,702720,20,7,6
1.9,20,-54.7881,0,35.3328,15,-62.0294,10.0203,-62.0294,0,25,215040,208864,20,8,2
1.95,2,-52.51,0,39.6758,15,-63.0392,8.3244,-63.0392,0,30,256000,439200,20,2,8
1.95,3,-57.2527,0,18.0551,10.9341,-61.3806,11.1123,-61.3806,0,18,0,585600,20,2,6
1.95,4,-61.7345,0,10.527,7.51229,-66.7422,2.10078,-66.7422,0,110,256000,415776,20,3,4
1.95,5,-57.5613,0,30.0524,15,-60.2391,18.3787,-60.2391,0,38,0,0,20,3,2
1.95,6,-53.7176,0,24.0092,13.6405,-62.2988,9.56492,-62.2988,0,65,256000,390400,20,3,8
1.95,7,-56.1115,0,19.9777,11.808,-61.4063,11.0657,-61.4063,0,60,0,0,20,4,2
1.95,9,-53.4064,0,24.5316,13.878,-62.4988,9.22847,-62.4988,0,75,0,0,20,4,2
1.95,10,-63.6886,0,7.24418,6.02008,-59.9451,13.5271,-59.9451,0,135,256000,341600,20,4,3
1.95,1,-48.676,0,32.4893,15,-63.7621,7.10682,-63.7621,0,55,0,663680,20,5,6
1.95,8,-63.8227,0,7.01765,5.91711,-67.3581,1.39753,-67.3581,0,130,256000,366976,20,5,7
1.95,11,-54.7261,0,35.4665,15,-62.5066,9.21462,-62.5066,0,90,0,0,20,5,2
1.95,12,-51.8299,0,27.1577,15,-63.0442,8.31987,-63.0442,0,45.9996,256000,318176,20,5,6
1.95,13,-52.1743,0,26.5924,15,-64.5249,5.82706,-64.5249,0,22,0,780800,20,5,6
1.95,14,-50.5059,0,43.4971,15,-63.2965,7.8908,-63.2965,0,35,256000,292800,20,6,5
1.95,15,-59.9114,0,13.5822,8.90098,-64.0546,6.61057,-64.0546,0,120.993,0,780800,20,6,7
1.95,16,-49.9707,0,30.3007,15,-63.6435,7.31067,-63.6435,0,60,256000,269376,20,6,2
1.95,17,-55.7979,0,20.4983,12.0447,-61.4572,22.625,-61.4572,0,20,0,780800,20,7,8
1.95,18,-54.2684,0,23.0705,13.2138,-62.751,8.81065,-62.751,0,15,253952,244000,20,7,8
1.95,19,-59.6412,0,14.0491,9.11324,-66.4693,2.5641,-66.4693,0,105,0,741760,20,7,6
1.95,20,-54.8326,0,22.1225,12.783,-61.9928,10.0833,-61.9928,0,25,227328,220576,20,8,2
2,2,-52.6816,0,39.3515,15,-63.003,8.38483,-63.003,0,30,256000,452864,20,2,8
2,3,-57.3103,0,17.9589,10.8904,-61.3394,11.181,-61.3394,0,18,0,624640,20,2,6
2,4,-61.9332,0,10.1956,7.36163,-66.7321,2.11787,-66.7321,0,110,256000,427488,20,3,4
2,5,-57.6938,0,29.8021,15,-60.1379,18.3792,-60.1379,0,38,0,0,20,3,2
2,6,-54.061,0,23.4359,13.38,-62.1622,9.79269,-62.1622,0,65,256000,404064,20,3,8
2,7,-56.2763,0,19.7028,11.6831,-61.2807,11.2751,-61.2807,0,60,0,0,20,4,2
2,9,-53.737,0,23.9801,13.6273,-62.3547,9.46877,-62.3547,0,75,0,0,20,4,2
2,10,-63.9302,0,6.84092,5.83678,-59.9558,13.5099,-59.9558,0,135,256000,355264,20,4,3
2,1,-49.1497,0,31.6984,15,-63.6627,7.27245,-63.6627,0,55,0,702720,20,5,6
2,8,-64.0396,0,6.65584,5.75265,-67.4895,1.24665,-67.4895,0,130,256000,378688,20,5,7
2,11,-55.1477,0,34.6689,15,-62.3451,9.48382,-62.3451,0,90,0,0,20,5,2
2,12,-51.5667,0,27.5964,15,-63.1019,8.22363,-63.1019,0,45.9996,256000,329888,20,5,6
2,13,-52.2536,0,26.4603,15,-64.4908,5.88395,-64.4908,0,22,0,780800,20,5,6
2,14,-50.761,0,43.0148,15,-63.2322,7.99807,-63.2322,0,35,256000,306464,20,6,5
2,15,-59.8819,0,13.6319,8.9236,-63.8414,6.96579,-63.8414,0,120.993,0,780800,20,6,7
2,16,-50.1602,0,29.9855,15,-63.6592,7.28461,-63.6592,0,60,256000,281088,20,6,2
2,17,-55.7998,0,20.4951,12.0432,-61.4438,22.6503,-61.4438,0,20,0,780800,20,7,8
2,18,-54.3011,0,23.0159,13.189,-62.7347,8.83627,-62.7347,0,15,256000,257664,20,7,2
2,19,-59.9197,0,13.5843,8.90196,-66.5709,2.39478,-66.5709,0,105,0,780800,20,7,6
2,20,-54.8783,0,22.0464,12.7484,-61.9563,10.1442,-61.9563,0,25,241664,232288,20,8,2
2.05,2,-52.8504,0,39.0322,15,-62.9668,14.3429,-62.9668,0,30,256000,464576,20,2,6
2.05,3,-57.3677,0,17.8632,10.8469,-61.298,11.25,-61.298,0,18,0,663680,20,2,6
2.05,4,-62.1298,0,9.86768,7.21258,-66.7241,2.13129,-66.7241,0,110,256000,439200,20,3,4
2.05,5,-57.8243,0,17.1006,10.5003,-60.0357,13.3678,-60.0357,0,38,0,0,20,3,4
2.05,6,-54.3921,0,22.8831,13.1287,-62.0235,17.6168,-62.0235,0,65,256000,415776,20,3,2
2.05,7,-56.4418,0,19.4269,11.5577,-61.1538,11.4866,-61.1538,0,60,0,0,20,4,2
2.05,9,-54.062,0,23.4379,13.3808,-62.2086,9.7122,-62.2086,0,75,0,0,20,4,2
2.05,10,-64.1657,0,6.44801,5.65819,-59.9814,13.4681,-59.9814,0,135,256000,366976,20,4,3
2.05,1,-49.6028,0,30.9417,15,-63.5622,7.43988,-63.5622,0,55,0,741760,20,5,6
2.05,8,-64.252,0,6.30141,5.59155,-67.6198,0.634871,-67.6198,0,130,256000,390400,20,5,6
2.05,11,-55.551,0,33.9056,15,-62.1818,9.7561,-62.1818,0,90,0,0,20,5,2
2.05,12,-51.2989,0,28.0426,15,-63.1597,8.12716,-63.1597,0,45.9996,256000,341600,20,5,6
2.05,13,-52.3336,0,26.3269,15,-64.4566,5.94102,-64.4566,0,22,0,780800,20,5,6
2.05,14,-51.0097,0,28.5635,15,-63.1674,8.10605,-63.1674,0,35,256000,318176,20,6,5
2.05,15,-59.8644,0,13.6618,8.93717,-63.6232,7.32942,-63.6232,0,120.993,0,780800,20,6,7
2.05,16,-50.3664,0,29.6426,15,-63.6761,7.25648,-63.6761,0,60,256000,292800,20,6,2
2.05,17,-55.8026,0,33.3966,15,-61.4307,11.0289,-61.4307,0,20,0,780800,20,7,8
2.05,18,-54.3343,0,22.9607,13.164,-62.7069,8.88257,-62.7069,0,15,256000,269376,20,7,2
2.05,19,-60.1908,0,13.1319,8.69631,-66.6723,2.2257,-66.6723,0,105,0,780800,20,7,6
2.05,20,-54.9251,0,21.9684,12.7129,-61.9198,10.2051,-61.9198,0,25,253952,244000,20,8,2
2.1,2,-53.0166,0,38.718,15,-62.9308,14.3435,-62.9308,0,30,256000,476288,20,2,6
2.1,3,-57.4249,0,17.7679,10.8036,-61.2564,11.3193,-61.2564,0,18,0,702720,20,2,6
2.1,4,-62.3241,0,9.54347,7.06522,-66.7184,2.14101,-66.7184,0,110,256000,452864,20,3,4
2.1,5,-57.9531,0,16.8857,10.4026,-59.9322,13.5402,-59.9322,0,38,0,0,20,3,4
2.1,6,-54.7117,0,22.3494,12.8861,-61.8828,17.6929,-61.8828,0,65,256000,427488,20,3,2
2.1,7,-56.6077,0,19.1504,11.432,-61.0256,11.7003,-61.0256,0,60,0,0,20,4,2
2.1,9,-54.381,0,22.9055,13.1388,-62.0606,9.95883,-62.0606,0,75,0,0,20,4,2
2.1,10,-64.3951,0,6.06491,5.48405,-60.0216,13.4022,-60.0216,0,135,256000,378688,20,4,3
2.1,1,-50.0368,0,30.2167,15,-63.4607,7.60916,-63.4607,0,55,0,780800,20,5,6
2.1,8,-64.4601,0,5.9541,5.43368,-67.749,0.419376,-67.749,0,130,256000,404064,20,5,6
2.1,11,-55.9376,0,33.1739,15,-62.0166,10.0314,-62.0166,0,90,0,0,20,5,2
2.1,12,-51.0268,0,28.4961,15,-63.2177,8.03049,-63.2177,0,45.9996,256000,355264,20,5,6
2.1,13,-52.4143,0,26.1924,15,-64.4223,5.99827,-64.4223,0,22,0,780800,20,5,6
2.1,14,-51.2523,0,28.1585,15,-63.1022,8.21473,-63.1022,0,35,256000,329888,20,6,5
2.1,15,-59.8591,0,13.6715,8.94158,-63.3996,7.70188,-63.3996,0,120.993,0,780800,20,6,7
2.1,16,-50.5867,0,29.2762,15,-63.589,7.3938,-63.589,0,60,256000,306464,20,6,7
2.1,17,-55.8061,0,33.39,15,-61.4177,11.0505,-61.4177,0,20,0,780800,20,7,8
2.1,18,-54.3678,0,22.9048,13.1386,-62.6791,8.92899,-62.6791,0,15,256000,281088,20,7,2
2.1,19,-60.4548,0,12.6913,8.49602,-66.7735,2.05691,-66.7735,0,105,0,780800,20,7,6
2.1,20,-54.973,0,21.8887,12.6767,-61.8833,10.2659,-61.8833,0,25,256000,257664,20,8,2
2.11498,20,-54.973,0,21.8627,12.6648,-61.8833,10.2855,-61.8833,0,25,256000,261568,20,8,2
2.11498,17,-55.8061,0,20.4825,12.0375,-61.4177,11.0574,-61.4177,0,20,0,780800,20,7,8
2.11498,18,-54.3678,0,22.8867,13.1303,-62.6791,8.94399,-62.6791,0,15,256000,284992,20,7,2
2.11498,19,-60.4548,0,24.4006,13.8184,-66.7735,2.00254,-66.7735,0,105,0,780800,20,7,6
2.11498,14,-51.2523,0,28.0299,15,-63.1022,8.24995,-63.1022,0,35,258048,333792,20,6,5
2.11498,15,-59.8591,0,13.6703,8.94105,-63.3996,7.82398,-63.3996,0,120.993,0,780800,20,6,7
2.11498,16,-50.5867,0,43.2132,15,-63.589,7.44694,-63.589,0,60,256000,310368,20,6,7
2.11498,1,-50.0368,0,44.16,15,-63.4607,18.8625,-63.4607,0,55,0,780800,20,5,6
2.11498,8,-64.4601,0,16.7994,10.3634,-67.749,0.350258,-67.749,0,130,256000,407968,20,5,6
2.11498,11,-55.9376,0,20.0912,11.8597,-62.0166,10.1209,-62.0166,0,90,0,0,20,5,2
2.11498,12,-51.0268,0,28.6439,15,-63.2177,12.9401,-63.2177,0,45.9996,256000,359168,20,5,4
2.11498,13,-52.4143,0,26.1488,15,-64.4223,6.01678,-64.4223,0,22,0,780800,20,5,6
2.11498,7,-56.6077,0,19.0611,11.3914,-61.0256,23.5146,-61.0256,0,60,0,0,20,4,2
2.11498,9,-54.381,0,22.7359,13.0618,-62.0606,10.0391,-62.0606,0,75,0,0,20,4,2
2.11498,10,-64.3951,0,16.9125,10.4148,-60.0216,13.3759,-60.0216,0,135,256000,382592,20,4,3
2.115,4,-62.3241,0,9.43969,7.01804,-66.7184,2.14336,-66.7184,0,110,256000,456768,20,3,4
2.115,5,-57.9531,0,16.8171,10.3714,-59.9322,13.5962,-59.9322,0,38,0,0,20,3,4
2.115,6,-54.7117,0,22.1811,12.8096,-61.8828,17.717,-61.8828,0,65,253952,431392,20,3,2
2.115,2,-53.0166,0,25.0981,14.1355,-62.9308,15.1355,-62.9308,0,30,256000,480192,20,2,3
2.115,3,-57.4249,0,17.7372,10.7896,-61.2564,11.3417,-61.2564,0,18,0,714432,20,2,6
2.15,2,-53.1802,0,24.9049,14.0477,-62.8948,15.1058,-62.8948,0,30,256000,488000,20,2,3
2.15,3,-57.4818,0,17.6699,10.759,-61.2147,11.3912,-61.2147,0,18,0,741760,20,2,6
2.15,4,-62.5162,0,9.21278,6.9149,-66.7149,2.14716,-66.7149,0,110,256000,464576,20,3,4
2.15,5,-58.0801,0,16.667,10.3032,-59.8276,13.7202,-59.8276,0,38,0,0,20,3,4
2.15,6,-55.0206,0,21.8171,12.6441,-61.7399,17.7694,-61.7399,0,65,256000,439200,20,3,2
2.15,7,-56.7736,0,18.8648,11.3022,-60.8961,23.6884,-60.8961,0,60,0,0,20,4,2
2.15,9,-54.6937,0,22.3667,12.894,-61.9107,10.2168,-61.9107,0,75,0,0,20,4,2
2.15,10,-64.619,0,16.6133,10.2788,-60.0759,13.3095,-60.0759,0,135,256000,390400,20,4,3
2.15,1,-50.4529,0,43.6048,15,-63.358,19.0004,-63.358,0,55,0,780800,20,5,6
2.15,8,-64.664,0,16.5267,10.2394,-67.877,0.198882,-67.877,0,130,253952,415776,20,5,6
2.15,11,-56.3087,0,19.6543,11.661,-61.8496,10.3189,-61.8496,0,90,0,0,20,5,2
2.15,12,-50.7504,0,28.9716,15,-63.2758,13.0216,-63.2758,0,45.9996,256000,366976,20,5,4
2.15,13,-52.4956,0,26.0525,15,-64.3878,6.05756,-64.3878,0,22,0,780800,20,5,6
2.15,14,-51.4891,0,27.7505,15,-63.0366,8.32768,-63.0366,0,35,256000,341600,20,6,5
2.15,15,-59.8661,0,13.6603,8.9365,-63.1704,8.09606,-63.1704,0,120.993,0,780800,20,6,7
2.15,16,-50.8187,0,42.9002,15,-63.4899,7.56435,-63.4899,0,60,256000,318176,20,6,7
2.15,17,-55.8105,0,20.4772,12.0351,-61.4049,11.0725,-61.4049,0,20,0,780800,20,7,8
2.15,18,-54.4017,0,22.8465,13.1121,-62.6512,8.97703,-62.6512,0,15,256000,292800,20,7,2
2.15,19,-60.7119,0,24.0569,13.6622,-66.8745,1.88306,-66.8745,0,105,0,780800,20,7,6
2.15,20,-55.0218,0,21.8047,12.6385,-61.8469,10.3286,-61.8469,0,25,256000,269376,20,8,2
2.16498,20,-55.0218,0,21.7808,12.6276,-61.8469,10.3462,-61.8469,0,25,256000,273280,20,8,2
2.16498,17,-55.8105,0,20.4749,12.034,-61.4049,11.0786,-61.4049,0,20,0,780800,20,7,8
2.16498,18,-54.4017,0,22.83,13.1045,-62.6512,8.99056,-62.6512,0,15,256000,296704,20,7,2
2.16498,19,-60.7119,0,23.918,13.5991,-66.8745,1.83424,-66.8745,0,105,0,780800,20,7,6
2.16498,14,-51.4891,0,27.6376,15,-63.0366,8.35959,-63.0366,0,35,256000,345504,20,6,5
2.16498,15,-59.8661,0,13.6533,8.93331,-63.1704,8.20878,-63.1704,0,120.993,0,780800,20,6,7
2.16498,16,-50.8187,0,42.7695,15,-63.4899,7.61257,-63.4899,0,60,256000,322080,20,6,7
2.16498,1,-50.4529,0,43.3823,15,-63.358,19.0571,-63.358,0,55,0,780800,20,5,6
2.16498,8,-64.664,0,16.4162,10.1892,-67.877,0.137226,-67.877,0,130,256000,419680,20,5,6
2.16498,11,-56.3087,0,19.479,11.5814,-61.8496,10.4003,-61.8496,0,90,0,0,20,5,2
2.16498,12,-50.7504,0,29.1066,15,-63.2758,13.0551,-63.2758,0,45.9996,256000,370880,20,5,4
2.16498,13,-52.4956,0,26.0129,15,-64.3878,6.07427,-64.3878,0,22,0,780800,20,5,6
2.16498,7,-56.7736,0,18.7844,11.2657,-60.8961,23.7599,-60.8961,0,60,0,0,20,4,2
2.16498,9,-54.6937,0,22.2172,12.826,-61.9107,10.29,-61.9107,0,75,0,0,20,4,2
2.16498,10,-64.619,0,16.4923,10.2238,-60.0759,13.279,-60.0759,0,135,256000,394304,20,4,3
2.165,4,-62.5162,0,9.12052,6.87296,-66.7149,2.14818,-66.7149,0,110,256000,468480,20,3,4
2.165,5,-58.0801,0,16.6061,10.2755,-59.8276,13.7712,-59.8276,0,38,0,0,20,3,4
2.165,6,-55.0206,0,21.6706,12.5776,-61.7399,17.7905,-61.7399,0,65,256000,443104,20,3,2
2.165,2,-53.1802,0,24.8265,14.012,-62.8948,15.0936,-62.8948,0,30,256000,488000,20,2,3
2.165,3,-57.4818,0,17.6424,10.7466,-61.2147,11.4115,-61.2147,0,18,0,753472,20,2,6
2.2,2,-53.3413,0,24.6362,13.9255,-62.859,15.0637,-62.859,0,30,256000,488000,20,2,3
2.2,3,-57.5385,0,17.5754,10.7161,-61.1727,11.4611,-61.1727,0,18,0,776896,20,2,6
2.2,4,-62.7059,0,8.89636,6.77107,-66.7136,2.14934,-66.7136,0,110,256000,476288,20,3,4
2.2,5,-58.2054,0,16.458,10.2082,-59.7218,13.8966,-59.7218,0,38,0,0,20,3,4
2.2,6,-55.3194,0,21.3183,12.4174,-61.5948,17.8413,-61.5948,0,65,256000,452864,20,3,2
2.2,7,-56.9394,0,18.5882,11.1765,-60.7653,23.9356,-60.7653,0,60,0,0,20,4,2
2.2,9,-55.0001,0,21.8556,12.6616,-61.7587,10.4701,-61.7587,0,75,0,0,20,4,2
2.2,10,-64.8375,0,16.2001,10.091,-60.144,13.1967,-60.144,0,135,256000,404064,20,4,3
2.2,1,-50.8525,0,42.8489,15,-63.2541,19.1966,-63.2541,0,55,0,776896,20,5,6
2.2,8,-64.8639,0,16.1487,10.0676,-68.0039,-0.0128224,-68.0039,0,130,256000,427488,20,5,6
2.2,11,-56.6655,0,19.0586,11.3903,-61.6807,10.6003,-61.6807,0,90,0,0,20,5,2
2.2,12,-50.47,0,29.4389,15,-63.334,13.1372,-63.334,0,45.9996,256000,378688,20,5,4
2.2,13,-52.5775,0,25.916,14.5073,-64.3532,6.11519,-64.3532,0,22,0,776896,20,5,6
2.2,14,-51.7203,0,27.3648,15,-62.9705,8.43784,-62.9705,0,35,256000,355264,20,6,5
2.2,15,-59.8852,0,13.629,8.92227,-62.9352,8.48783,-62.9352,0,120.993,0,776896,20,6,7
2.2,16,-51.0603,0,42.4443,15,-63.3899,7.73093,-63.3899,0,60,256000,329888,20,6,7
2.2,17,-55.8156,0,20.4686,12.0312,-61.3924,11.0935,-61.3924,0,20,0,776896,20,7,8
2.2,18,-54.4359,0,22.7894,13.0861,-62.6232,9.02368,-62.6232,0,15,256000,306464,20,7,2
2.2,19,-60.9625,0,23.5829,13.4468,-66.9752,1.71506,-66.9752,0,105,0,776896,20,7,6
2.2,20,-55.0717,0,21.7217,12.6008,-61.8105,10.3892,-61.8105,0,25,256000,281088,20,8,2
2.21498,20,-55.0717,0,21.6973,12.5897,-61.8105,21.9703,-61.8105,0,25,256000,284992,20,8,2
2.21498,17,-55.8156,0,20.4659,12.03,-61.3924,11.0995,-61.3924,0,20,0,780800,20,7,8
2.21498,18,-54.4359,0,35.9826,15,-62.6232,20.0758,-62.6232,0,15,256000,310368,20,7,8
2.21498,19,-60.9625,0,11.7105,8.05022,-66.9752,1.66637,-66.9752,0,105,0,780800,20,7,6
2.21498,14,-51.7203,0,27.2544,15,-62.9705,8.46996,-62.9705,0,35,256000,359168,20,6,5
2.21498,15,-59.8852,0,13.6162,8.91645,-62.9352,8.60347,-62.9352,0,120.993,0,780800,20,6,7
2.21498,16,-51.0603,0,28.3558,15,-63.3899,14.4704,-63.3899,0,60,253952,333792,20,6,5
2.21498,1,-50.8525,0,28.6434,15,-63.2541,13.8286,-63.2541,0,55,0,780800,20,5,4
2.21498,8,-64.8639,0,5.17364,5.07893,-68.0039,10.0941,-68.0039,0,130,256000,431392,20,5,6
2.21498,11,-56.6655,0,31.5828,15,-61.6807,10.6826,-61.6807,0,90,0,0,20,5,2
2.21498,12,-50.47,0,43.6914,15,-63.334,7.80531,-63.334,0,45.9996,253952,382592,20,5,6
2.21498,13,-52.5775,0,25.8762,14.4892,-64.3532,6.13195,-64.3532,0,22,0,780800,20,5,6
2.21498,7,-56.9394,0,31.1501,15,-60.7653,12.2049,-60.7653,0,60,0,0,20,4,2
2.21498,9,-55.0001,0,21.7092,12.5951,-61.7587,10.5443,-61.7587,0,75,0,0,20,4,2
2.21498,10,-64.8375,0,5.21042,5.09565,-60.144,25.0898,-60.144,0,135,256000,407968,20,4,3
2.215,4,-62.7059,0,8.80523,6.72965,-66.7136,2.14928,-66.7136,0,110,253952,480192,20,3,4
2.215,5,-58.2054,0,16.3978,10.1808,-59.7218,13.9482,-59.7218,0,38,0,0,20,3,4
2.215,6,-55.3194,0,21.1765,12.353,-61.5948,10.817,-61.5948,0,65,256000,456768,20,3,8
2.215,2,-53.3413,0,24.559,13.8904,-62.859,8.64427,-62.859,0,30,256000,488000,20,2,8
2.215,3,-57.5385,0,17.5481,10.7037,-61.1727,11.4815,-61.1727,0,18,0,780800,20,2,6
2.25,2,-53.4999,0,24.3716,13.8053,-62.8232,8.68656,-62.8232,0,30,256000,488000,20,2,8
2.25,3,-57.5949,0,17.4814,10.6733,-61.1306,11.5313,-61.1306,0,18,0,780800,20,2,6
2.25,4,-62.8932,0,8.58387,6.62903,-66.7146,2.1478,-66.7146,0,110,256000,488000,20,3,4
2.25,5,-58.329,0,16.2517,10.1144,-59.6147,14.075,-59.6147,0,38,0,0,20,3,4
2.25,6,-55.6088,0,20.8352,12.1978,-61.4474,10.9917,-61.4474,0,65,256000,464576,20,3,8
2.25,7,-57.1049,0,30.9283,15,-60.6331,12.3614,-60.6331,0,60,0,0,20,4,2
2.25,9,-55.2999,0,21.3552,12.4342,-61.6047,10.7268,-61.6047,0,75,0,0,20,4,2
2.25,10,-65.0509,0,4.95855,4.98116,-60.2251,24.9792,-60.2251,0,135,256000,415776,20,4,3
2.25,1,-51.2367,0,28.1908,15,-63.149,13.7543,-63.149,0,55,0,780800,20,5,4
2.25,8,-65.06,0,4.94215,4.9737,-68.1297,9.92556,-68.1297,0,130,256000,439200,20,5,6
2.25,11,-57.0091,0,31.124,15,-61.5101,10.8847,-61.5101,0,90,0,0,20,5,2
2.25,12,-50.1861,0,44.0727,15,-63.3922,7.73636,-63.3922,0,45.9996,256000,390400,20,5,6
2.25,13,-52.6599,0,25.7786,14.4448,-64.3186,6.173,-64.3186,0,22,0,780800,20,5,6
2.25,14,-51.9461,0,26.9879,15,-62.904,8.54874,-62.904,0,35,256000,366976,20,6,5
2.25,15,-59.9163,0,13.5778,8.89901,-62.6939,8.88985,-62.6939,0,120.993,0,780800,20,6,7
2.25,16,-51.3093,0,28.0602,15,-63.2892,14.3586,-63.2892,0,60,256000,341600,20,6,5
2.25,17,-55.8216,0,20.4587,12.0267,-61.38,11.1141,-61.38,0,20,0,780800,20,7,8
2.25,18,-54.4706,0,35.9362,15,-62.5951,20.064,-62.5951,0,15,256000,318176,20,7,8
2.25,19,-61.207,0,11.422,7.91908,-67.0757,1.54753,-67.0757,0,105,0,780800,20,7,6
2.25,20,-55.1224,0,21.6371,12.5623,-61.7742,22.019,-61.7742,0,25,256000,292800,20,8,2
2.26498,20,-55.1224,0,21.6122,12.551,-61.7742,22.0389,-61.7742,0,25,256000,296704,20,8,2
2.26498,17,-55.8216,0,20.4556,12.0253,-61.38,11.12,-61.38,0,20,0,780800,20,7,8
2.26498,18,-54.4706,0,35.9171,15,-62.5951,20.0592,-62.5951,0,15,256000,322080,20,7,8
2.26498,19,-61.207,0,11.3054,7.86609,-67.0757,1.49899,-67.0757,0,105,0,780800,20,7,6
2.26498,14,-51.9461,0,26.88,15,-62.904,8.58107,-62.904,0,35,256000,370880,20,6,5
2.26498,15,-59.9163,0,13.5593,8.89059,-62.6939,9.00857,-62.6939,0,120.993,0,780800,20,6,7
2.26498,16,-51.3093,0,27.9378,15,-63.2892,14.3131,-63.2892,0,60,256000,345504,20,6,5
2.26498,1,-51.2367,0,28.0091,15,-63.149,13.7239,-63.149,0,55,0,780800,20,5,4
2.26498,8,-65.06,0,4.84835,4.93107,-68.1297,9.85693,-68.1297,0,130,256000,443104,20,5,6
2.26498,11,-57.0091,0,30.9397,15,-61.5101,10.9679,-61.5101,0,90,0,0,20,5,2
2.26498,12,-50.1861,0,44.2295,15,-63.3922,7.70813,-63.3922,0,45.9996,256000,394304,20,5,6
2.26498,13,-52.6599,0,25.7385,14.4266,-64.3186,6.18982,-64.3186,0,22,0,780800,20,5,6
2.26498,7,-57.1049,0,30.8376,15,-60.6331,12.4258,-60.6331,0,60,0,0,20,4,2
2.26498,9,-55.2999,0,21.2119,12.3691,-61.6047,10.8019,-61.6047,0,75,0,0,20,4,2
2.26498,10,-65.0509,0,4.85669,4.93486,-60.2251,24.9305,-60.2251,0,135,256000,419680,20,4,3
2.265,4,-62.8932,0,8.49389,6.58813,-66.7146,2.14666,-66.7146,0,110,256000,488000,20,3,4
2.265,5,-58.329,0,16.1924,10.0874,-59.6147,14.1272,-59.6147,0,38,0,0,20,3,4
2.265,6,-55.6088,0,20.6977,12.1353,-61.4474,11.0637,-61.4474,0,65,256000,468480,20,3,8
2.265,2,-53.4999,0,24.2955,13.7707,-62.8232,8.70383,-62.8232,0,30,256000,488000,20,2,8
2.265,3,-57.5949,0,17.4541,10.661,-61.1306,11.5518,-61.1306,0,18,0,776896,20,2,6
2.3,2,-53.6561,0,24.1109,13.6868,-62.7876,8.74599,-62.7876,0,30,256000,488000,20,2,8
2.3,3,-57.651,0,17.3877,10.6308,-61.0883,11.6019,-61.0883,0,18,0,780800,20,2,6
2.3,4,-63.0781,0,8.27534,6.48879,-66.7179,2.14255,-66.7179,0,110,256000,488000,20,3,4
2.3,5,-58.451,0,16.0482,10.0219,-59.5064,14.2556,-59.5064,0,38,0,0,20,3,4
2.3,6,-55.8894,0,20.3667,11.9849,-61.2976,11.2412,-61.2976,0,65,256000,476288,20,3,8
2.3,7,-57.2699,0,30.6164,15,-60.4997,12.5839,-60.4997,0,60,0,0,20,4,2
2.3,9,-55.5933,0,20.8656,12.2116,-61.4487,10.9868,-61.4487,0,75,0,0,20,4,2
2.3,10,-65.2594,0,4.61052,4.82296,-60.3186,24.8035,-60.3186,0,135,256000,427488,20,4,3
2.3,1,-51.6064,0,27.5732,15,-63.0428,13.6497,-63.0428,0,55,0,780800,20,5,4
2.3,8,-65.2522,0,4.62124,4.82784,-68.2544,9.68992,-68.2544,0,130,256000,452864,20,5,6
2.3,11,-57.3403,0,30.4971,15,-61.3377,11.172,-61.3377,0,90,0,0,20,5,2
2.3,12,-49.899,0,44.6149,15,-63.4506,7.63909,-63.4506,0,45.9996,256000,404064,20,5,6
2.3,13,-52.7428,0,25.6404,14.382,-64.2838,6.23099,-64.2838,0,22,0,780800,20,5,6
2.3,14,-52.1668,0,26.6195,15,-62.837,8.66038,-62.837,0,35,256000,378688,20,6,5
2.3,15,-59.9592,0,13.5072,8.86689,-62.4461,9.30268,-62.4461,0,120.993,0,780800,20,6,7
2.3,16,-51.5641,0,27.6358,15,-63.1876,14.2022,-63.1876,0,60,256000,355264,20,6,5
2.3,17,-55.8284,0,20.4475,12.0216,-61.3678,11.1344,-61.3678,0,20,0,780800,20,7,8
2.3,18,-54.5055,0,35.8701,15,-62.567,20.0473,-62.567,0,15,256000,329888,20,7,8
2.3,19,-61.4455,0,11.0238,7.7381,-67.1758,1.38052,-67.1758,0,105,0,780800,20,7,6
2.3,20,-55.1741,0,21.551,12.5232,-61.738,22.0875,-61.738,0,25,256000,306464,20,8,2
2.31498,20,-55.1741,0,21.5229,12.5104,-61.738,10.5298,-61.738,0,25,256000,310368,20,8,2
2.31498,17,-55.8284,0,20.4436,12.0198,-61.3678,11.1409,-61.3678,0,20,0,780800,20,7,8
2.31498,18,-54.5055,0,22.6545,13.0248,-62.567,9.13247,-62.567,0,15,256000,333792,20,7,2
2.31498,19,-61.4455,0,10.8974,7.68064,-67.1758,1.32677,-67.1758,0,105,0,780800,20,7,6
2.31498,14,-52.1668,0,26.5024,15,-62.837,20.0323,-62.837,0,35,253952,382592,20,6,5
2.31498,15,-59.9592,0,13.4803,8.85467,-62.4461,9.43825,-62.4461,0,120.993,0,780800,20,6,7
2.31498,16,-51.5641,0,27.4973,15,-63.1876,8.12309,-63.1876,0,60,256000,359168,20,6,7
2.31498,1,-51.6064,0,27.3788,15,-63.0428,8.36885,-63.0428,0,55,0,780800,20,5,6
2.31498,8,-65.2522,0,4.51901,4.78137,-68.2544,-0.497277,-68.2544,0,130,256000,456768,20,5,6
2.31498,11,-57.3403,0,17.7574,10.7988,-61.3377,22.9431,-61.3377,0,90,0,0,20,5,2
2.31498,12,-49.899,0,30.546,15,-63.4506,7.6077,-63.4506,0,45.9996,256000,407968,20,5,6
2.31498,13,-52.7428,0,25.5957,14.3617,-64.2838,6.24974,-64.2838,0,22,0,780800,20,5,6
2.31498,7,-57.2699,0,17.9485,10.8857,-60.4997,12.6562,-60.4997,0,60,0,0,20,4,2
2.31498,9,-55.5933,0,33.6452,15,-61.4487,17.7566,-61.4487,0,75,0,0,20,4,3
2.31498,10,-65.2594,0,4.49992,4.77269,-60.3186,12.853,-60.3186,0,135,256000,431392,20,4,3
2.315,4,-63.0781,0,8.17667,6.44394,-66.7179,2.14006,-66.7179,0,110,256000,488000,20,3,4
2.315,5,-58.451,0,15.9831,9.9923,-59.5064,14.3143,-59.5064,0,38,0,0,20,3,4
2.315,6,-55.8894,0,20.2185,11.9175,-61.2976,11.3225,-61.2976,0,65,253952,480192,20,3,8
2.315,2,-53.6561,0,24.0277,13.6489,-62.7876,8.76511,-62.7876,0,30,253952,488000,20,2,8
2.315,3,-57.651,0,17.3576,10.6171,-61.0883,11.6247,-61.0883,0,18,0,780800,20,2,6
2.35,2,-53.81,0,23.8459,13.5663,-62.7521,8.80712,-62.7521,0,30,256000,488000,20,2,8
2.35,3,-57.7069,0,17.2915,10.587,-61.0458,11.675,-61.0458,0,18,0,780800,20,2,6
2.35,4,-63.2606,0,7.96105,6.34593,-66.7234,2.13323,-66.7234,0,110,256000,488000,20,3,4
2.35,5,-58.5715,0,15.8408,9.92762,-59.3967,14.4443,-59.3967,0,38,0,0,20,3,4
2.35,6,-56.1617,0,19.8975,11.7716,-61.1455,11.503,-61.1455,0,65,256000,488000,20,3,8
2.35,7,-57.4343,0,17.754,10.7973,-60.3648,12.8159,-60.3648,0,60,0,0,20,4,2
2.35,9,-55.8801,0,33.2616,15,-61.2905,17.7061,-61.2905,0,75,0,0,20,4,3
2.35,10,-65.4632,0,4.25936,4.66335,-60.4236,12.727,-60.4236,0,135,256000,439200,20,4,3
2.35,1,-51.9627,0,26.959,15,-62.9352,8.49629,-62.9352,0,55,0,780800,20,5,6
2.35,8,-65.4409,0,4.29628,4.68013,-68.3779,-0.643282,-68.3779,0,130,256000,464576,20,5,6
2.35,11,-57.6601,0,17.3806,10.6275,-61.1637,23.1768,-61.1637,0,90,0,0,20,5,2
2.35,12,-49.6094,0,30.8891,15,-63.509,7.53859,-63.509,0,45.9996,256000,415776,20,5,6
2.35,13,-52.826,0,25.4971,14.3169,-64.2489,6.29106,-64.2489,0,22,0,780800,20,5,6
2.35,14,-52.3826,0,26.2477,15,-62.7696,20.1228,-62.7696,0,35,256000,390400,20,6,5
2.35,15,-60.0135,0,13.4143,8.8247,-62.1913,9.74079,-62.1913,0,120.993,0,780800,20,6,7
2.35,16,-51.8229,0,27.1905,15,-63.0852,8.24439,-63.0852,0,60,256000,366976,20,6,7
2.35,17,-55.836,0,20.4345,12.0157,-61.3559,11.155,-61.3559,0,20,0,780800,20,7,8
2.35,18,-54.5408,0,22.6127,13.0058,-62.5388,9.16584,-62.5388,0,15,256000,341600,20,7,2
2.35,19,-61.6784,0,10.6227,7.55577,-67.2756,1.20871,-67.2756,0,105,0,780800,20,7,6
2.35,20,-55.2266,0,21.4606,12.4821,-61.7018,10.5726,-61.7018,0,25,256000,318176,20,8,2
2.36498,20,-55.2266,0,21.4349,12.4704,-61.7018,10.5901,-61.7018,0,25,256000,322080,20,8,2
2.36498,17,-55.836,0,20.4306,12.0139,-61.3559,11.1607,-61.3559,0,20,0,780800,20,7,8
2.36498,18,-54.5408,0,22.5955,12.998,-62.5388,9.17951,-62.5388,0,15,256000,345504,20,7,2
2.36498,19,-61.6784,0,10.5116,7.50528,-67.2756,1.16051,-67.2756,0,105,0,780800,20,7,6
2.36498,14,-52.3826,0,26.1447,15,-62.7696,20.16,-62.7696,0,35,256000,394304,20,6,5
2.36498,15,-60.0135,0,13.3847,8.81122,-62.1913,9.8663,-62.1913,0,120.993,0,780800,20,6,7
2.36498,16,-51.8229,0,27.0643,15,-63.0852,8.29421,-63.0852,0,60,256000,370880,20,6,7
2.36498,1,-51.9627,0,26.7904,15,-62.9352,8.54873,-62.9352,0,55,0,780800,20,5,6
2.36498,8,-65.4409,0,4.20601,4.6391,-68.3779,-0.702739,-68.3779,0,130,256000,468480,20,5,6
2.36498,11,-57.6601,0,17.229,10.5586,-61.1637,23.2728,-61.1637,0,90,0,0,20,5,2
2.36498,12,-49.6094,0,31.0299,15,-63.509,7.51031,-63.509,0,45.9996,256000,419680,20,5,6
2.36498,13,-52.826,0,25.4567,14.2985,-64.2489,6.30799,-64.2489,0,22,0,780800,20,5,6
2.36498,7,-57.4343,0,17.6747,10.7612,-60.3648,12.8815,-60.3648,0,60,0,0,20,4,2
2.36498,9,-55.8801,0,33.1064,15,-61.2905,17.6851,-61.2905,0,75,0,0,20,4,3
2.36498,10,-65.4632,0,4.16203,4.61911,-60.4236,12.6728,-60.4236,0,135,256000,443104,20,4,3
2.365,4,-63.2606,0,7.87342,6.3061,-66.7234,2.1299,-66.7234,0,110,256000,488000,20,3,4
2.365,5,-58.5715,0,15.7829,9.90133,-59.3967,14.4977,-59.3967,0,38,0,0,20,3,4
2.365,6,-56.1617,0,19.7681,11.7128,-61.1455,11.5774,-61.1455,0,65,256000,488000,20,3,8
2.365,2,-53.81,0,23.7721,13.5328,-62.7521,8.82428,-62.7521,0,30,256000,488000,20,2,8
2.365,3,-57.7069,0,17.2645,10.5748,-61.0458,11.6956,-61.0458,0,18,0,776896,20,2,6
2.4,2,-53.9616,0,23.593,13.4514,-62.7167,8.86615,-62.7167,0,30,256000,488000,20,2,8
2.4,3,-57.7626,0,17.1987,10.5448,-61.0031,11.7462,-61.0031,0,18,0,780800,20,2,6
2.4,4,-63.4407,0,7.66063,6.20938,-66.7311,2.12045,-66.7311,0,110,256000,488000,20,3,4
2.4,5,-58.6904,0,15.6424,9.83747,-59.2857,14.6293,-59.2857,0,38,0,0,20,3,4
2.4,6,-56.4261,0,19.4563,11.571,-60.9908,11.7607,-60.9908,0,65,256000,488000,20,3,8
2.4,7,-57.5979,0,17.4812,10.6733,-60.2287,13.0428,-60.2287,0,60,0,0,20,4,2
2.4,9,-56.1606,0,32.7313,15,-61.1303,17.6325,-61.1303,0,75,0,0,20,4,3
2.4,10,-65.6626,0,3.92668,4.51213,-60.5395,12.5343,-60.5395,0,135,256000,452864,20,4,3
2.4,1,-52.3065,0,26.3853,15,-62.8264,8.67767,-62.8264,0,55,0,780800,20,5,6
2.4,8,-65.6261,0,3.98738,4.53972,-68.5003,-0.847413,-68.5003,0,130,256000,476288,20,5,6
2.4,11,-57.9692,0,16.8647,10.393,-60.988,23.5086,-60.988,0,90,0,0,20,5,2
2.4,12,-49.318,0,31.3749,15,-63.5674,7.44115,-63.5674,0,45.9996,256000,427488,20,5,6
2.4,13,-52.9097,0,25.3576,14.2535,-64.2139,6.34944,-64.2139,0,22,0,780800,20,5,6
2.4,14,-52.5937,0,25.8955,14.498,-62.7017,20.2511,-62.7017,0,35,256000,404064,20,6,5
2.4,15,-60.0789,0,13.3058,8.77538,-61.9292,10.1775,-61.9292,0,120.993,0,780800,20,6,7
2.4,16,-52.0844,0,26.7546,15,-62.982,8.4165,-62.982,0,60,256000,378688,20,6,7
2.4,17,-55.8443,0,20.4206,12.0094,-61.3442,11.1745,-61.3442,0,20,0,780800,20,7,8
2.4,18,-54.5764,0,22.5533,12.9788,-62.5106,9.21295,-62.5106,0,15,256000,355264,20,7,2
2.4,19,-61.9058,0,10.2432,7.38328,-67.375,1.04289,-67.375,0,105,0,780800,20,7,6
2.4,20,-55.28,0,21.3717,12.4417,-61.6656,10.6329,-61.6656,0,25,256000,329888,20,8,2
2.41498,20,-55.28,0,21.3456,12.4298,-61.6656,10.6504,-61.6656,0,25,256000,333792,20,8,2
2.41498,17,-55.8443,0,33.3125,15,-61.3442,11.1802,-61.3442,0,20,0,780800,20,7,8
2.41498,18,-54.5764,0,22.536,12.9709,-62.5106,9.22666,-62.5106,0,15,256000,359168,20,7,2
2.41498,19,-61.9058,0,21.6619,12.5736,-67.375,0.99486,-67.375,0,105,0,780800,20,7,6
2.41498,14,-52.5937,0,25.7947,14.4521,-62.7017,8.92262,-62.7017,0,35,256000,407968,20,6,5
2.41498,15,-60.0789,0,13.271,8.75956,-61.9292,10.3066,-61.9292,0,120.993,0,780800,20,6,7
2.41498,16,-52.0844,0,26.6275,15,-62.982,13.8438,-62.982,0,60,256000,382592,20,6,5
2.41498,1,-52.3065,0,26.2224,15,-62.8264,8.73073,-62.8264,0,55,0,780800,20,5,6
2.41498,8,-65.6261,0,3.89876,4.49944,-68.5003,3.44828,-68.5003,0,130,253952,480192,20,5,4
2.41498,11,-57.9692,0,16.7181,10.3264,-60.988,11.8499,-60.988,0,90,0,0,20,5,2
2.41498,12,-49.318,0,45.8903,15,-63.5674,7.41285,-63.5674,0,45.9996,256000,431392,20,5,6
2.41498,13,-52.9097,0,38.8657,15,-64.2139,6.36642,-64.2139,0,22,0,780800,20,5,6
2.41498,7,-57.5979,0,17.4023,10.6374,-60.2287,13.1091,-60.2287,0,60,0,0,20,4,2
2.41498,9,-56.1606,0,19.7695,11.7134,-61.1303,11.6043,-61.1303,0,75,0,0,20,4,2
2.41498,10,-65.6626,0,3.83144,4.46883,-60.5395,12.4752,-60.5395,0,135,256000,456768,20,4,3
2.415,4,-63.4407,0,7.57415,6.17007,-66.7311,6.00989,-66.7311,0,110,253952,488000,20,3,2
2.415,5,-58.6904,0,15.5853,9.81151,-59.2857,14.6834,-59.2857,0,38,0,0,20,3,4
2.415,6,-56.4261,0,19.3305,11.5139,-60.9908,11.8862,-60.9908,0,65,256000,488000,20,3,4
2.415,2,-53.9616,0,23.5203,13.4183,-62.7167,8.88324,-62.7167,0,30,256000,488000,20,2,8
2.415,3,-57.7626,0,17.1718,10.5326,-61.0031,11.7669,-61.0031,0,18,0,780800,20,2,6
2.45,2,-54.1109,0,23.3438,13.3381,-62.6814,8.92495,-62.6814,0,30,256000,488000,20,2,8
2.45,3,-57.818,0,17.1062,10.5028,-60.9602,11.8177,-60.9602,0,18,0,776896,20,2,6
2.45,4,-63.6184,0,7.36419,6.07463,-66.7411,5.92806,-66.7411,0,110,256000,484096,20,3,2
2.45,5,-58.8078,0,15.4466,9.74845,-59.1734,14.8165,-59.1734,0,38,0,0,20,3,4
2.45,6,-56.6831,0,19.0273,11.376,-60.8336,12.0228,-60.8336,0,65,256000,488000,20,3,8
2.45,7,-57.7606,0,17.2099,10.5499,-60.0912,13.272,-60.0912,0,60,0,0,20,4,2
2.45,9,-56.4348,0,19.4459,11.5663,-60.9678,11.7968,-60.9678,0,75,0,0,20,4,2
2.45,10,-65.8577,0,3.60107,4.36412,-60.6652,12.3251,-60.6652,0,135,256000,464576,20,4,3
2.45,1,-52.6384,0,25.831,14.4687,-62.7163,8.86121,-62.7163,0,55,0,776896,20,5,6
2.45,8,-65.8078,0,3.6841,4.40186,-68.6216,3.33225,-68.6216,0,130,256000,484096,20,5,4
2.45,11,-58.2683,0,16.3654,10.1661,-60.8108,12.0598,-60.8108,0,90,0,0,20,5,2
2.45,12,-49.0258,0,46.2823,15,-63.6259,7.34366,-63.6259,0,45.9996,256000,437248,20,5,6
2.45,13,-52.9936,0,38.7531,15,-64.1787,6.408,-64.1787,0,22,0,776896,20,5,6
2.45,14,-52.8003,0,25.5508,14.3413,-62.6333,9.00358,-62.6333,0,35,256000,415776,20,6,5
2.45,15,-60.1548,0,13.1799,8.71812,-61.6594,10.6269,-61.6594,0,120.993,0,776896,20,6,7
2.45,16,-52.3473,0,26.3162,15,-62.8779,13.7357,-62.8779,0,60,256000,388448,20,6,5
2.45,17,-55.8535,0,33.3001,15,-61.3326,11.1938,-61.3326,0,20,0,776896,20,7,8
2.45,18,-54.6124,0,22.4934,12.9515,-62.4822,9.26019,-62.4822,0,15,256000,366976,20,7,2
2.45,19,-62.128,0,21.3647,12.4385,-67.4741,0.877697,-67.4741,0,105,0,776896,20,7,6
2.45,20,-55.3341,0,21.2814,12.4007,-61.6295,10.6931,-61.6295,0,25,256000,339648,20,8,2
2.46498,20,-55.3341,0,21.255,12.3886,-61.6295,10.7105,-61.6295,0,25,256000,345504,20,8,2
2.46498,17,-55.8535,0,33.2948,15,-61.3326,11.1993,-61.3326,0,20,0,780800,20,7,8
2.46498,18,-54.6124,0,22.4759,12.9436,-62.4822,9.27392,-62.4822,0,15,256000,370880,20,7,2
2.46498,19,-62.128,0,21.2444,12.3838,-67.4741,0.829863,-67.4741,0,105,0,780800,20,7,6
2.46498,14,-52.8003,0,25.4521,14.2964,-62.6333,9.03682,-62.6333,0,35,256000,419680,20,6,5
2.46498,15,-60.1548,0,13.1401,8.70006,-61.6594,10.7599,-61.6594,0,120.993,0,780800,20,6,7
2.46498,16,-52.3473,0,26.1887,15,-62.8779,13.6916,-62.8779,0,60,256000,394304,20,6,5
2.46498,1,-52.6384,0,25.6736,14.3971,-62.7163,8.91491,-62.7163,0,55,0,780800,20,5,6
2.46498,8,-65.8078,0,3.59708,4.36231,-68.6216,3.28493,-68.6216,0,130,256000,488000,20,5,4
2.46498,11,-58.2683,0,16.2234,10.1016,-60.8108,12.146,-60.8108,0,90,0,0,20,5,2
2.46498,12,-49.0258,0,46.4426,15,-63.6259,7.31534,-63.6259,0,45.9996,256000,443104,20,5,6
2.46498,13,-52.9936,0,38.7069,15,-64.1787,6.42504,-64.1787,0,22,0,780800,20,5,6
2.46498,7,-57.7606,0,17.1314,10.5143,-60.0912,13.3389,-60.0912,0,60,0,0,20,4,2
2.46498,9,-56.4348,0,19.3149,11.5068,-60.9678,11.876,-60.9678,0,75,0,0,20,4,2
2.46498,10,-65.8577,0,3.50782,4.32173,-60.6652,12.2616,-60.6652,0,135,256000,468480,20,4,3
2.465,4,-63.6184,0,7.27887,6.03585,-66.7411,5.89452,-66.7411,0,110,256000,488000,20,3,2
2.465,5,-58.8078,0,15.3902,9.72281,-59.1734,14.8713,-59.1734,0,38,0,0,20,3,4
2.465,6,-56.6831,0,18.9049,11.3204,-60.8336,12.0997,-60.8336,0,65,256000,488000,20,3,8
2.465,2,-54.1109,0,23.2722,13.3055,-62.6814,8.94199,-62.6814,0,30,256000,488000,20,2,8
2.465,3,-57.818,0,17.0795,10.4907,-60.9602,11.8385,-60.9602,0,18,0,780800,20,2,6
2.5,2,-54.2581,0,23.0982,13.2265,-62.6463,8.98354,-62.6463,0,30,256000,488000,20,2,8
2.5,3,-57.8731,0,17.0143,10.461,-60.9171,11.8895,-60.9171,0,18,0,780800,20,2,6
2.5,4,-63.7937,0,7.07171,5.94169,-66.7532,5.8124,-66.7532,0,110,256000,488000,20,3,2
2.5,5,-58.9237,0,15.2532,9.66053,-59.0597,15.0061,-59.0597,0,38,0,0,20,3,4
2.5,6,-56.9331,0,18.6099,11.1863,-60.6737,12.2892,-60.6737,0,65,256000,488000,20,3,8
2.5,7,-57.9223,0,16.9401,10.4273,-59.9524,13.5033,-59.9524,0,60,0,0,20,4,2
2.5,9,-56.7028,0,18.9985,11.3629,-60.8032,12.0711,-60.8032,0,75,0,0,20,4,2
2.5,10,-66.0488,0,3.28223,4.21919,-60.8,12.101,-60.8,0,135,256000,476288,20,4,3
2.5,1,-52.9594,0,25.2951,14.2251,-62.6048,9.04697,-62.6048,0,55,0,780800,20,5,6
2.5,8,-65.9863,0,3.38626,4.26648,-68.7417,3.16964,-68.7417,0,130,256000,488000,20,5,4
2.5,11,-58.5579,0,15.8817,9.94624,-60.6321,12.3576,-60.6321,0,90,0,0,20,5,2
2.5,12,-48.7339,0,46.8339,15,-63.6844,7.24612,-63.6844,0,45.9996,256000,452864,20,5,6
2.5,13,-53.0779,0,38.5939,15,-64.1435,6.46676,-64.1435,0,22,0,780800,20,5,6
2.5,14,-53.0025,0,25.2133,14.1879,-62.5645,9.11834,-62.5645,0,35,256000,427488,20,6,5
2.5,15,-60.2407,0,13.0373,8.65331,-61.3813,11.0899,-61.3813,0,120.993,0,780800,20,6,7
2.5,16,-52.6107,0,25.877,14.4895,-62.773,13.5843,-62.773,0,60,256000,404064,20,6,5
2.5,17,-55.8634,0,33.2814,15,-61.3213,11.2127,-61.3213,0,20,0,780800,20,7,8
2.5,18,-54.6486,0,22.4329,12.9241,-62.4539,9.30754,-62.4539,0,15,256000,378688,20,7,2
2.5,19,-62.3452,0,20.9538,12.2517,-67.5727,0.713182,-67.5727,0,105,0,780800,20,7,6
2.5,20,-55.389,0,21.1899,12.3591,-61.5935,10.7531,-61.5935,0,25,256000,355264,20,8,2
